Product Name,Price,Image,Link
"ASUS Vivobook 15 (2025) with Office 2024 + M365 Basic*, Intel Core i3 13th Gen 1315U - (8 GB/512 GB SS...","₹38,990",https://rukminim2.flixcart.com/image/312/312/xif0q/computer/b/l/v/-original-imahgfdffszmurd7.jpeg?q=70,https://www.flipkart.com/asus-vivobook-15-2025-office-2024-m365-basic-intel-core-i3-13th-gen-1315u-8-gb-512-gb-ssd-windows-11-home-x1504va-nj3700ws-thin-light-laptop/p/itmf31c79724a398?pid=COMHCQ5ECZZV6THK&lid=LSTCOMHCQ5ECZZV6THKTW8YMF&marketplace=FLIPKART&q=laptops&store=6bo%2Fb5g&srno=s_1_1&otracker=search&otracker1=search&fm=organic&iid=en_9ZVTVJCEec4t3D1hGm9Kt90wXvQD6_yAblUKmyg3kVoYU4YrCaEkyEsroaNkuw8ReuMxS1v2t91_8XeijXjGFE4IsYyWu-Pj9cxFjFAoaLk%3D&ppt=hp&ppn=homepage&ssid=ydokzt7jfk0000001761554138877&qH=c06ea84a1e3dc3c6
CHUWI Intel Core i3 10th Gen 10100Y - (8 GB/256 GB SSD/Windows 11 Home) CoreBook X Grey Laptop,"₹19,990",https://rukminim2.flixcart.com/image/312/312/xif0q/computer/n/d/d/-original-imahgy5bywsf9aa8.jpeg?q=70,https://www.flipkart.com/chuwi-intel-core-i3-10th-gen-10100y-8-gb-256-gb-ssd-windows-11-home-corebook-x-grey-laptop/p/itm60983f1093f2d?pid=COMGQHRQZSPVRDZE&lid=LSTCOMGQHRQZSPVRDZEQTPAAX&marketplace=FLIPKART&q=laptops&store=6bo%2Fb5g&srno=s_1_2&otracker=search&otracker1=search&fm=organic&iid=en_9ZVTVJCEec4t3D1hGm9Kt90wXvQD6_yAblUKmyg3kVrcMdexsA6MDQo_rAE0S0_-1jZGgCRq7qKz8NSg5gXWOw%3D%3D&ppt=hp&ppn=homepage&ssid=ydokzt7jfk0000001761554138877&qH=c06ea84a1e3dc3c6
Acer Aspire Lite AMD Ryzen 3 Quad Core 5300U - (16 GB/512 GB SSD/Windows 11 Home) AL15-41 Thin and Lig...,"₹29,990",https://rukminim2.flixcart.com/image/312/312/xif0q/computer/b/k/d/-original-imahb2kbf2zdan3z.jpeg?q=70,https://www.flipkart.com/acer-aspire-lite-amd-ryzen-3-quad-core-5300u-16-gb-512-gb-ssd-windows-11-home-al15-41-thin-light-laptop/p/itm1bc0bcb4598e7?pid=COMH28U4WDFBUKP3&lid=LSTCOMH28U4WDFBUKP3PFEZVB&marketplace=FLIPKART&q=laptops&store=6bo%2Fb5g&srno=s_1_3&otracker=search&otracker1=search&fm=organic&iid=78971942-d6d5-4c37-bd16-dcd842e4c675.COMH28U4WDFBUKP3.SEARCH&ppt=hp&ppn=homepage&ssid=ydokzt7jfk0000001761554138877&qH=c06ea84a1e3dc3c6
Acer Aspire 3 Intel Celeron Dual Core N4500 - (8 GB/512 GB SSD/Windows 11 Home) A325-45 Thin and Light...,"₹23,759",https://rukminim2.flixcart.com/image/312/312/xif0q/computer/5/x/1/a325-45-thin-and-light-laptop-acer-original-imah2tyffgnp8nmd.jpeg?q=70,https://www.flipkart.com/acer-aspire-3-intel-celeron-dual-core-n4500-8-gb-512-gb-ssd-windows-11-home-a325-45-thin-light-laptop/p/itm9ca67a1a3ea22?pid=COMH59ENQYHDYJGX&lid=LSTCOMH59ENQYHDYJGXYVQ9ST&marketplace=FLIPKART&q=laptops&store=6bo%2Fb5g&srno=s_1_4&otracker=search&otracker1=search&fm=organic&iid=78971942-d6d5-4c37-bd16-dcd842e4c675.COMH59ENQYHDYJGX.SEARCH&ppt=hp&ppn=homepage&ssid=ydokzt7jfk0000001761554138877&qH=c06ea84a1e3dc3c6
Acer Aspire 3 Intel Celeron Dual Core - (8 GB/128 GB SSD/Windows 11 Home) A311-45 Thin and Light Lapto...,"₹15,545",https://rukminim2.flixcart.com/image/312/312/xif0q/computer/w/b/u/-original-imahgfdfbprdg3mm.jpeg?q=70,https://www.flipkart.com/acer-aspire-3-intel-celeron-dual-core-8-gb-128-gb-ssd-windows-11-home-a311-45-thin-light-laptop/p/itmad38595c5a902?pid=COMH7NCZGGGWQC4W&lid=LSTCOMH7NCZGGGWQC4WVLNYRU&marketplace=FLIPKART&q=laptops&store=6bo%2Fb5g&srno=s_1_5&otracker=search&otracker1=search&fm=organic&iid=78971942-d6d5-4c37-bd16-dcd842e4c675.COMH7NCZGGGWQC4W.SEARCH&ppt=hp&ppn=homepage&ssid=ydokzt7jfk0000001761554138877&qH=c06ea84a1e3dc3c6
Infinix GT Book Intel Core i5 12th Gen 12450H - (16 GB/512 GB SSD/Windows 11 Home/6 GB Graphics/NVIDIA...,"₹75,999",https://rukminim2.flixcart.com/image/312/312/xif0q/computer/5/i/h/-original-imahcd9998zgefk5.jpeg?q=70,https://www.flipkart.com/infinix-gt-book-intel-core-i5-12th-gen-12450h-16-gb-512-gb-ssd-windows-11-home-6-graphics-nvidia-geforce-rtx-3050-80-w-gl613-gaming-laptop/p/itmc9e44d5a9f6c4?pid=COMHYS44DKVFUFVS&lid=LSTCOMHYS44DKVFUFVS2KZG86&marketplace=FLIPKART&q=laptops&store=6bo%2Fb5g&srno=s_1_6&otracker=search&otracker1=search&fm=organic&iid=en_9ZVTVJCEec4t3D1hGm9Kt90wXvQD6_yAblUKmyg3kVo7eQDZz2aSchzzowFMacMhkZKqFv7vnycX-uD0SNQp7o06z3QAm4-AoFL_C4Jep-g%3D&ppt=hp&ppn=homepage&ssid=ydokzt7jfk0000001761554138877&qH=c06ea84a1e3dc3c6
Acer Aspire 3 Intel Core i3 12th Gen 1215U - (8 GB/512 GB SSD/Windows 11 Home) A324-51 Thin and Light ...,"₹27,990",https://rukminim2.flixcart.com/image/312/312/xif0q/computer/u/9/m/-original-imahgfdfgzfv9drf.jpeg?q=70,https://www.flipkart.com/acer-aspire-3-intel-core-i3-12th-gen-1215u-8-gb-512-gb-ssd-windows-11-home-a324-51-thin-light-laptop/p/itm7dda0a4d1d62a?pid=COMHY24RJH2YXVPG&lid=LSTCOMHY24RJH2YXVPGTVAAXW&marketplace=FLIPKART&q=laptops&store=6bo%2Fb5g&srno=s_1_7&otracker=search&otracker1=search&fm=organic&iid=78971942-d6d5-4c37-bd16-dcd842e4c675.COMHY24RJH2YXVPG.SEARCH&ppt=hp&ppn=homepage&ssid=ydokzt7jfk0000001761554138877&qH=c06ea84a1e3dc3c6
Samsung Galaxy Book5 AI Metal Intel Core Ultra 5 225U - (16 GB/512 GB SSD/Windows 11 Home) NP750XHD Th...,"₹77,990",https://rukminim2.flixcart.com/image/312/312/xif0q/computer/i/n/q/-original-imahgwkqrdsdqfqz.jpeg?q=70,https://www.flipkart.com/samsung-galaxy-book5-ai-metal-intel-core-ultra-5-225u-16-gb-512-gb-ssd-windows-11-home-np750xhd-thin-light-laptop/p/itmc33d2563d0ffc?pid=COMHE4ATPCZ9FXRP&lid=LSTCOMHE4ATPCZ9FXRP7N1GVG&marketplace=FLIPKART&q=laptops&store=6bo%2Fb5g&srno=s_1_8&otracker=search&otracker1=search&fm=organic&iid=78971942-d6d5-4c37-bd16-dcd842e4c675.COMHE4ATPCZ9FXRP.SEARCH&ppt=hp&ppn=homepage&ssid=ydokzt7jfk0000001761554138877&qH=c06ea84a1e3dc3c6
Acer 3 Years Warranty Aspire 3 (2025) Intel Core i3 13th Gen 1305U - (16 GB/512 GB SSD/Windows 11 Home...,"₹33,990",https://rukminim2.flixcart.com/image/312/312/xif0q/computer/b/c/6/aspire-3-a325-53-thin-and-light-laptop-acer-original-imahg4t48x6tbbsx.jpeg?q=70,https://www.flipkart.com/acer-3-years-warranty-aspire-2025-intel-core-i3-13th-gen-1305u-16-gb-512-gb-ssd-windows-11-home-a325-53-thin-light-laptop/p/itm07dcd421d9bcb?pid=COMHG4T4XWKNGBQH&lid=LSTCOMHG4T4XWKNGBQH3AUYMC&marketplace=FLIPKART&q=laptops&store=6bo%2Fb5g&srno=s_1_9&otracker=search&otracker1=search&fm=organic&iid=78971942-d6d5-4c37-bd16-dcd842e4c675.COMHG4T4XWKNGBQH.SEARCH&ppt=hp&ppn=homepage&ssid=ydokzt7jfk0000001761554138877&qH=c06ea84a1e3dc3c6
MSI Thin A15 AMD Ryzen 5 Hexa Core 7535HS - (16 GB/512 GB SSD/Windows 11 Home/4 GB Graphics/NVIDIA GeF...,"₹49,990",https://rukminim2.flixcart.com/image/312/312/xif0q/computer/k/g/f/-original-imahgfdf8vprttbq.jpeg?q=70,https://www.flipkart.com/msi-thin-a15-amd-ryzen-5-hexa-core-7535hs-16-gb-512-gb-ssd-windows-11-home-4-graphics-nvidia-geforce-rtx-3050-144-hz-b7uc-284in-b7uc-102in-gaming-laptop/p/itm61400c2ed6802?pid=COMGXMSXNZSJERHE&lid=LSTCOMGXMSXNZSJERHELUC5TJ&marketplace=FLIPKART&q=laptops&store=6bo%2Fb5g&srno=s_1_10&otracker=search&otracker1=search&fm=organic&iid=78971942-d6d5-4c37-bd16-dcd842e4c675.COMGXMSXNZSJERHE.SEARCH&ppt=hp&ppn=homepage&ssid=ydokzt7jfk0000001761554138877&qH=c06ea84a1e3dc3c6
ASUS Expertbook P1 High-performance processor Intel Core i5 13th Gen 13420H - (32 GB/512 GB SSD/Window...,"₹64,990",https://rukminim2.flixcart.com/image/312/312/xif0q/computer/l/i/d/-original-imahgfdfzzvbk5ux.jpeg?q=70,https://www.flipkart.com/asus-expertbook-p1-high-performance-processor-intel-core-i5-13th-gen-13420h-32-gb-512-gb-ssd-windows-11-home-p1403cva-s60939ws-thin-light-laptop/p/itm50988c1fc56e6?pid=COMH8Z2QGRVBX4AF&lid=LSTCOMH8Z2QGRVBX4AF72IMNQ&marketplace=FLIPKART&q=laptops&store=6bo%2Fb5g&srno=s_1_11&otracker=search&otracker1=search&fm=organic&iid=en_9ZVTVJCEec4t3D1hGm9Kt90wXvQD6_yAblUKmyg3kVoRYWAcmK4BFHXvdywbyPajwVHwOYmXYK81cyWCN3b2_OvN4Mn-dv-pi277bRzMbnY%3D&ppt=hp&ppn=homepage&ssid=ydokzt7jfk0000001761554138877&qH=c06ea84a1e3dc3c6
ASUS Expertbook P1 Intel Core i3 13th Gen 1315U - (16 GB/512 GB SSD/Windows 11 Home) P1403CVA-S60938WS...,"₹41,990",https://rukminim2.flixcart.com/image/312/312/xif0q/computer/u/q/7/-original-imahb8x6w484vcry.jpeg?q=70,https://www.flipkart.com/asus-expertbook-p1-intel-core-i3-13th-gen-1315u-16-gb-512-gb-ssd-windows-11-home-p1403cva-s60938ws-thin-light-laptop/p/itm0af4b81838b5b?pid=COMH8Z2QAWCCUCSP&lid=LSTCOMH8Z2QAWCCUCSPPZPFKG&marketplace=FLIPKART&q=laptops&store=6bo%2Fb5g&srno=s_1_12&otracker=search&otracker1=search&fm=organic&iid=en_9ZVTVJCEec4t3D1hGm9Kt90wXvQD6_yAblUKmyg3kVrSQfpaznt_ZiuA8WPzwwQlyWzzGxdl-XlhO0NhAEdqYGaRs4JL222ZRV-dN99QnxU%3D&ppt=hp&ppn=homepage&ssid=ydokzt7jfk0000001761554138877&qH=c06ea84a1e3dc3c6
Acer Aspire 3 Intel Celeron Dual Core - (8 GB/256 GB SSD/Windows 11 Home) A311-45 Thin and Light Lapto...,"₹17,990",https://rukminim2.flixcart.com/image/312/312/xif0q/computer/w/b/u/-original-imahgfdfbprdg3mm.jpeg?q=70,https://www.flipkart.com/acer-aspire-3-intel-celeron-dual-core-8-gb-256-gb-ssd-windows-11-home-a311-45-thin-light-laptop/p/itmad38595c5a902?pid=COMH7NCZ8BARKXFF&lid=LSTCOMH7NCZ8BARKXFFIUHV7S&marketplace=FLIPKART&q=laptops&store=6bo%2Fb5g&srno=s_1_13&otracker=search&otracker1=search&fm=organic&iid=78971942-d6d5-4c37-bd16-dcd842e4c675.COMH7NCZ8BARKXFF.SEARCH&ppt=hp&ppn=homepage&ssid=ydokzt7jfk0000001761554138877&qH=c06ea84a1e3dc3c6
Acer Aspire Go 14 Intel Core Ultra 5 125H - (16 GB/512 GB SSD/Windows 11 Home) AG14-71M Thin and Light...,"₹54,990",https://rukminim2.flixcart.com/image/312/312/xif0q/computer/y/v/a/ag14-71m-thin-and-light-laptop-acer-original-imahf57ak4zjkhsc.jpeg?q=70,https://www.flipkart.com/acer-aspire-go-14-intel-core-ultra-5-125h-16-gb-512-gb-ssd-windows-11-home-ag14-71m-thin-light-laptop/p/itm94e8b888dbabd?pid=COMHF4WYKS836EBK&lid=LSTCOMHF4WYKS836EBKCYZTF3&marketplace=FLIPKART&q=laptops&store=6bo%2Fb5g&srno=s_1_14&otracker=search&otracker1=search&fm=organic&iid=78971942-d6d5-4c37-bd16-dcd842e4c675.COMHF4WYKS836EBK.SEARCH&ppt=hp&ppn=homepage&ssid=ydokzt7jfk0000001761554138877&qH=c06ea84a1e3dc3c6
HP Intel Core i7 13th Gen 13620H - (16 GB/512 GB SSD/Windows 11 Home) 15-fr0046TU Thin and Light Lapto...,"₹69,990",https://rukminim2.flixcart.com/image/312/312/xif0q/computer/u/r/d/-original-imahgx8w7ypscufe.jpeg?q=70,https://www.flipkart.com/hp-intel-core-i7-13th-gen-13620h-16-gb-512-gb-ssd-windows-11-home-15-fr0046tu-thin-light-laptop/p/itmc255f42578e1e?pid=COMHDFUWWFF77NQC&lid=LSTCOMHDFUWWFF77NQCREKA4R&marketplace=FLIPKART&q=laptops&store=6bo%2Fb5g&srno=s_1_15&otracker=search&otracker1=search&fm=organic&iid=78971942-d6d5-4c37-bd16-dcd842e4c675.COMHDFUWWFF77NQC.SEARCH&ppt=hp&ppn=homepage&ssid=ydokzt7jfk0000001761554138877&qH=c06ea84a1e3dc3c6
Acer Aspire 3 Backlit AMD Ryzen 7 Octa Core 7730U - (16 GB/512 GB SSD/Windows 11 Home) Aspire AS15 - 4...,"₹42,990",https://rukminim2.flixcart.com/image/312/312/xif0q/computer/y/i/j/-original-imahgfdyegtvk6mk.jpeg?q=70,https://www.flipkart.com/acer-aspire-3-backlit-amd-ryzen-7-octa-core-7730u-16-gb-512-gb-ssd-windows-11-home-as15-42-thin-light-laptop/p/itmdaf15e01a1d1a?pid=COMH397XPF4Z3BMX&lid=LSTCOMH397XPF4Z3BMXL8O53G&marketplace=FLIPKART&q=laptops&store=6bo%2Fb5g&srno=s_1_16&otracker=search&otracker1=search&fm=organic&iid=78971942-d6d5-4c37-bd16-dcd842e4c675.COMH397XPF4Z3BMX.SEARCH&ppt=hp&ppn=homepage&ssid=ydokzt7jfk0000001761554138877&qH=c06ea84a1e3dc3c6
Infinix Y4 Max Series Intel Core i5 13th Gen 1335U - (16 GB/512 GB SSD/Windows 11 Home) YL613 Thin and...,"₹34,990",https://rukminim2.flixcart.com/image/312/312/xif0q/computer/g/a/n/-original-imahcd9jtc54fcuy.jpeg?q=70,https://www.flipkart.com/infinix-y4-max-series-intel-core-i5-13th-gen-1335u-16-gb-512-gb-ssd-windows-11-home-yl613-thin-light-laptop/p/itmd28733993c713?pid=COMGWWBRSAFMWR3W&lid=LSTCOMGWWBRSAFMWR3WJIBRUX&marketplace=FLIPKART&q=laptops&store=6bo%2Fb5g&srno=s_1_17&otracker=search&otracker1=search&fm=organic&iid=en_9ZVTVJCEec4t3D1hGm9Kt90wXvQD6_yAblUKmyg3kVrr0gwiwYJeZzw66w9K0S8hQxjYhLYga45IbHvHHzbc-68iqbiwhGf4dwbXVx7ZSks%3D&ppt=hp&ppn=homepage&ssid=ydokzt7jfk0000001761554138877&qH=c06ea84a1e3dc3c6
"ASUS Vivobook 16X (2025) for Creator with Office 2024 + M365 Basic, Intel Core i5 13th Gen 13420H - (1...","₹70,990",https://rukminim2.flixcart.com/image/312/312/xif0q/computer/h/8/6/-original-imahgfdfs7spfjwe.jpeg?q=70,https://www.flipkart.com/asus-vivobook-16x-2025-creator-office-2024-m365-basic-intel-core-i5-13th-gen-13420h-16-gb-512-gb-ssd-windows-11-home-4-graphics-nvidia-geforce-rtx-3050-144-hz-k3605vc-rp413ws-gaming-laptop/p/itmec40249e8fe47?pid=COMH9499MNGSKSBV&lid=LSTCOMH9499MNGSKSBVOF6KTA&marketplace=FLIPKART&q=laptops&store=6bo%2Fb5g&srno=s_1_18&otracker=search&otracker1=search&fm=organic&iid=en_9ZVTVJCEec4t3D1hGm9Kt90wXvQD6_yAblUKmyg3kVply2HH1ZkDVNM2LlaJbXUS-YXLGNFk2SNH9T1N4JboYvKSJvID5C-RdFfAlzwDiqI%3D&ppt=hp&ppn=homepage&ssid=ydokzt7jfk0000001761554138877&qH=c06ea84a1e3dc3c6
Acer Aspire 7 Intel Core i5 13th Gen 13420H - (16 GB/512 GB SSD/Windows 11 Home/6 GB Graphics/NVIDIA G...,"₹52,990",https://rukminim2.flixcart.com/image/312/312/xif0q/computer/1/y/3/-original-imahgfdyaaghwzef.jpeg?q=70,https://www.flipkart.com/acer-aspire-7-intel-core-i5-13th-gen-13420h-16-gb-512-gb-ssd-windows-11-home-6-graphics-nvidia-geforce-rtx-3050-a715-79g-gaming-laptop/p/itm8208102c97f99?pid=COMH3G96MYGWSGTF&lid=LSTCOMH3G96MYGWSGTFGZ7TLO&marketplace=FLIPKART&q=laptops&store=6bo%2Fb5g&srno=s_1_19&otracker=search&otracker1=search&fm=organic&iid=78971942-d6d5-4c37-bd16-dcd842e4c675.COMH3G96MYGWSGTF.SEARCH&ppt=hp&ppn=homepage&ssid=ydokzt7jfk0000001761554138877&qH=c06ea84a1e3dc3c6
HP 255 G10 AMD Athlon Dual Core 7120U - (8 GB/256 GB SSD/Windows 11 Home) 255 G10 Thin and Light Lapto...,"₹25,990",https://rukminim2.flixcart.com/image/312/312/xif0q/computer/h/j/x/255-g10-thin-and-light-laptop-hp-original-imahbcnytdxhgmgu.jpeg?q=70,https://www.flipkart.com/hp-255-g10-amd-athlon-dual-core-7120u-8-gb-256-gb-ssd-windows-11-home-thin-light-laptop/p/itm0994d96e22416?pid=COMHBCNY8DX2T7HY&lid=LSTCOMHBCNY8DX2T7HYJL2QUK&marketplace=FLIPKART&q=laptops&store=6bo%2Fb5g&srno=s_1_20&otracker=search&otracker1=search&fm=organic&iid=78971942-d6d5-4c37-bd16-dcd842e4c675.COMHBCNY8DX2T7HY.SEARCH&ppt=hp&ppn=homepage&ssid=ydokzt7jfk0000001761554138877&qH=c06ea84a1e3dc3c6
ASUS Vivobook Go 15 AMD Ryzen 3 Quad Core 7320U - (8 GB/512 GB SSD/Windows 11 Home) E1504FA-NJ131WS | ...,"₹31,990",https://rukminim2.flixcart.com/image/312/312/xif0q/computer/1/k/f/-original-imahgfdfp6a6ubma.jpeg?q=70,https://www.flipkart.com/asus-vivobook-go-15-amd-ryzen-3-quad-core-7320u-8-gb-512-gb-ssd-windows-11-home-e1504fa-nj131ws-e1504fa-bq2321ws-thin-light-laptop/p/itm459fb45576278?pid=COMH94998FGG8FHG&lid=LSTCOMH94998FGG8FHGURVZSF&marketplace=FLIPKART&q=laptops&store=6bo%2Fb5g&srno=s_1_21&otracker=search&otracker1=search&fm=organic&iid=en_9ZVTVJCEec4t3D1hGm9Kt90wXvQD6_yAblUKmyg3kVr_xM4sdBFp8De0eE4nhoUKq2BsZQDtEbOGS0NaOMVdzcsrgPW5YLzJU0_H6_RHKR0%3D&ppt=hp&ppn=homepage&ssid=ydokzt7jfk0000001761554138877&qH=c06ea84a1e3dc3c6
"ASUS Vivobook 14 (2025) with Office 2024 + M365 Basic*, Backlit Keyboard, Intel Core i3 13th Gen 1315U...","₹39,990",https://rukminim2.flixcart.com/image/312/312/xif0q/computer/u/u/d/-original-imahfcztzmftpy9u.jpeg?q=70,https://www.flipkart.com/asus-vivobook-14-2025-office-2024-m365-basic-backlit-keyboard-intel-core-i3-13th-gen-1315u-8-gb-512-gb-ssd-windows-11-home-x1404va-eb321ws-thin-light-laptop/p/itm86b2575a66c73?pid=COMHEZZTACFZCGWF&lid=LSTCOMHEZZTACFZCGWFJLHWXA&marketplace=FLIPKART&q=laptops&store=6bo%2Fb5g&srno=s_1_22&otracker=search&otracker1=search&fm=organic&iid=en_9ZVTVJCEec4t3D1hGm9Kt90wXvQD6_yAblUKmyg3kVptAgz0BXbkxwAEwQ4zSS3Wr-vjdKwDGLeegdUtRW51B2JMZAJirnjvZRqZ0WhE16A%3D&ppt=hp&ppn=homepage&ssid=ydokzt7jfk0000001761554138877&qH=c06ea84a1e3dc3c6
"ASUS Vivobook 15 (2025) (i5 14th Gen) with MSO 2024 + M365 Basic*, Backlit Keyboard, Intel Core 5 120U...","₹53,990",https://rukminim2.flixcart.com/image/312/312/xif0q/computer/k/u/e/-original-imahcd8gzqjnp2vv.jpeg?q=70,https://www.flipkart.com/asus-vivobook-15-2025-i5-14th-gen-mso-2024-m365-basic-backlit-keyboard-intel-core-5-120u-16-gb-512-gb-ssd-windows-11-home-x1504vap-nj2862ws-thin-light-laptop/p/itm509f174cc1a04?pid=COMHDG7CFDWVKYMZ&lid=LSTCOMHDG7CFDWVKYMZSDYMWT&marketplace=FLIPKART&q=laptops&store=6bo%2Fb5g&srno=s_1_23&otracker=search&otracker1=search&fm=organic&iid=78971942-d6d5-4c37-bd16-dcd842e4c675.COMHDG7CFDWVKYMZ.SEARCH&ppt=hp&ppn=homepage&ssid=ydokzt7jfk0000001761554138877&qH=c06ea84a1e3dc3c6
Samsung Galaxy Book4 Edge Series Copilot AI-PC Full Metal Chasis Qualcomm Snapdragon X - (16 GB/512 GB...,"₹58,590",https://rukminim2.flixcart.com/image/312/312/xif0q/computer/a/g/p/-original-imahgwkqughzkwt3.jpeg?q=70,https://www.flipkart.com/samsung-galaxy-book4-edge-series-copilot-ai-pc-full-metal-chasis-qualcomm-snapdragon-x-16-gb-512-gb-ssd-windows-11-home-np750xqb-ka1in-thin-light-laptop/p/itm1d61ec8d90cc7?pid=COMHE4ATFWNVHXHS&lid=LSTCOMHE4ATFWNVHXHSIHS0FO&marketplace=FLIPKART&q=laptops&store=6bo%2Fb5g&srno=s_1_24&otracker=search&otracker1=search&fm=organic&iid=78971942-d6d5-4c37-bd16-dcd842e4c675.COMHE4ATFWNVHXHS.SEARCH&ppt=hp&ppn=homepage&ssid=ydokzt7jfk0000001761554138877&qH=c06ea84a1e3dc3c6
Acer Aspire 3 Intel Celeron Dual Core - (8 GB/512 GB SSD/Windows 11 Home) A311-45 Thin and Light Lapto...,"₹19,307",https://rukminim2.flixcart.com/image/312/312/xif0q/computer/w/b/u/-original-imahgfdfbprdg3mm.jpeg?q=70,https://www.flipkart.com/acer-aspire-3-intel-celeron-dual-core-8-gb-512-gb-ssd-windows-11-home-a311-45-thin-light-laptop/p/itmad38595c5a902?pid=COMH7NCZY2QDJ5Z4&lid=LSTCOMH7NCZY2QDJ5Z4NYYVCO&marketplace=FLIPKART&q=laptops&store=6bo%2Fb5g&srno=s_2_26&otracker=search&otracker1=search&fm=Search&iid=b6b1fd30-dbb9-4432-8c27-c7ced7bb2ead.COMH7NCZY2QDJ5Z4.SEARCH&ppt=sp&ppn=sp&ssid=ydokzt7jfk0000001761554138877&qH=c06ea84a1e3dc3c6
ASUS Vivobook 16X (2025) Intel Core i5 13th Gen 13420H - (16 GB/512 GB SSD/Windows 11 Home/4 GB Graphi...,"₹58,999",https://rukminim2.flixcart.com/image/312/312/xif0q/computer/r/b/r/-original-imagpeafhutgusjb.jpeg?q=70,https://www.flipkart.com/asus-vivobook-16x-2025-intel-core-i5-13th-gen-13420h-16-gb-512-gb-ssd-windows-11-home-4-graphics-nvidia-geforce-rtx-3050-k3605vc-rp412w-creator-laptop/p/itm2f10c5bebe254?pid=COMHBK5YMRSPGAVT&lid=LSTCOMHBK5YMRSPGAVTO4ZCGX&marketplace=FLIPKART&q=laptops&store=6bo%2Fb5g&srno=s_2_27&otracker=search&otracker1=search&fm=Search&iid=en_3v9dzZ7fH3iTObT1jauExtYqT2hQC7Mm10TtNoVfApuHkwQZ8D5PvLPoy9e0E6ufv5tnMj3eo5fxjLJ4rmPrV_UFjCTyOHoHZs-Z5_PS_w0%3D&ppt=sp&ppn=sp&ssid=ydokzt7jfk0000001761554138877&qH=c06ea84a1e3dc3c6
"ASUS Vivobook 15 (2025) (i5 14th Gen) with MSO 2024 + M365 Basic*, Backlit Keyboard, Intel Core 5 120U...","₹53,990",https://rukminim2.flixcart.com/image/312/312/xif0q/computer/k/u/e/-original-imahcd8gzqjnp2vv.jpeg?q=70,https://www.flipkart.com/asus-vivobook-15-2025-i5-14th-gen-mso-2024-m365-basic-backlit-keyboard-intel-core-5-120u-16-gb-512-gb-ssd-windows-11-home-x1504vap-nj2862ws-thin-light-laptop/p/itm509f174cc1a04?pid=COMHDG7CFDWVKYMZ&lid=LSTCOMHDG7CFDWVKYMZSDYMWT&marketplace=FLIPKART&q=laptops&store=6bo%2Fb5g&srno=s_2_28&otracker=search&otracker1=search&fm=Search&iid=en_3v9dzZ7fH3iTObT1jauExtYqT2hQC7Mm10TtNoVfAptfBp76D1vDyMfamMlT7LF6EfZMOcDgGCUCP1jMUhppbfUFjCTyOHoHZs-Z5_PS_w0%3D&ppt=sp&ppn=sp&ssid=ydokzt7jfk0000001761554138877&qH=c06ea84a1e3dc3c6
Acer Aspire Lite AMD Ryzen 3 Quad Core 5300U - (16 GB/512 GB SSD/Windows 11 Home) AL15-41 Thin and Lig...,"₹30,999",https://rukminim2.flixcart.com/image/312/312/xif0q/computer/u/p/m/-original-imah2pf2u98xefzx.jpeg?q=70,https://www.flipkart.com/acer-aspire-lite-amd-ryzen-3-quad-core-5300u-16-gb-512-gb-ssd-windows-11-home-al15-41-thin-light-laptop/p/itm1bc0bcb4598e7?pid=COMH2TPSHCGSZY44&lid=LSTCOMH2TPSHCGSZY44TITLXL&marketplace=FLIPKART&q=laptops&store=6bo%2Fb5g&srno=s_2_29&otracker=search&otracker1=search&fm=Search&iid=b6b1fd30-dbb9-4432-8c27-c7ced7bb2ead.COMH2TPSHCGSZY44.SEARCH&ppt=sp&ppn=sp&ssid=ydokzt7jfk0000001761554138877&qH=c06ea84a1e3dc3c6
Acer Aspire 3 Intel Celeron Dual Core - (8 GB/256 GB SSD/Windows 11 Home) A311-45 Thin and Light Lapto...,"₹17,990",https://rukminim2.flixcart.com/image/312/312/xif0q/computer/r/l/s/-original-imahgfdfmwps9ncc.jpeg?q=70,https://www.flipkart.com/acer-aspire-3-intel-celeron-dual-core-8-gb-256-gb-ssd-windows-11-home-a311-45-thin-light-laptop/p/itm9ea054b1d1c63?pid=COMHCC7ANBE9PFYG&lid=LSTCOMHCC7ANBE9PFYGDHKQMC&marketplace=FLIPKART&q=laptops&store=6bo%2Fb5g&srno=s_2_30&otracker=search&otracker1=search&fm=Search&iid=b6b1fd30-dbb9-4432-8c27-c7ced7bb2ead.COMHCC7ANBE9PFYG.SEARCH&ppt=sp&ppn=sp&ssid=ydokzt7jfk0000001761554138877&qH=c06ea84a1e3dc3c6
ASUS Expertbook P1 Intel Core i3 13th Gen 1315U - (16 GB/512 GB SSD/Windows 11 Home) P1503CVA-S71074WS...,"₹41,990",https://rukminim2.flixcart.com/image/312/312/xif0q/computer/o/v/2/-original-imahb8x5yzkfff3p.jpeg?q=70,https://www.flipkart.com/asus-expertbook-p1-intel-core-i3-13th-gen-1315u-16-gb-512-gb-ssd-windows-11-home-p1503cva-s71074ws-thin-light-laptop/p/itmf84b442d31b6b?pid=COMH8Z2QENXVKHGX&lid=LSTCOMH8Z2QENXVKHGXT2JJBZ&marketplace=FLIPKART&q=laptops&store=6bo%2Fb5g&srno=s_2_31&otracker=search&otracker1=search&fm=Search&iid=en_3v9dzZ7fH3iTObT1jauExtYqT2hQC7Mm10TtNoVfApvNiuDEhM9g3t9TKvD_3J0H2Qi8wtc-ohFbmp6ARPUXh_UFjCTyOHoHZs-Z5_PS_w0%3D&ppt=sp&ppn=sp&ssid=ydokzt7jfk0000001761554138877&qH=c06ea84a1e3dc3c6
ASUS Expertbook P1 High-performance processor Intel Core i5 13th Gen 13420H - (16 GB/512 GB SSD/Window...,"₹58,990",https://rukminim2.flixcart.com/image/312/312/xif0q/computer/c/7/q/-original-imahgfdfqzbwmvt7.jpeg?q=70,https://www.flipkart.com/asus-expertbook-p1-high-performance-processor-intel-core-i5-13th-gen-13420h-16-gb-512-gb-ssd-windows-11-home-p1503cva-s70611ws-thin-light-laptop/p/itmf788da016f665?pid=COMH8Z2QRZVVN2RZ&lid=LSTCOMH8Z2QRZVVN2RZ9WYQBV&marketplace=FLIPKART&q=laptops&store=6bo%2Fb5g&srno=s_2_32&otracker=search&otracker1=search&fm=Search&iid=en_3v9dzZ7fH3iTObT1jauExtYqT2hQC7Mm10TtNoVfApuFUoeai0BiDyzOcGCiBsSR2YJYTGF_-MWpKTpVPjt3qPUFjCTyOHoHZs-Z5_PS_w0%3D&ppt=sp&ppn=sp&ssid=ydokzt7jfk0000001761554138877&qH=c06ea84a1e3dc3c6
HP Intel Celeron Dual Core N4500 - (8 GB/512 GB SSD/Windows 11 Home) 14s-dq3149TU / 14s-dq3141TU Thin ...,"₹26,880",https://rukminim2.flixcart.com/image/312/312/xif0q/computer/y/l/z/-original-imahgfdygxgqfwym.jpeg?q=70,https://www.flipkart.com/hp-intel-celeron-dual-core-n4500-8-gb-512-gb-ssd-windows-11-home-14s-dq3149tu-14s-dq3141tu-thin-light-laptop/p/itmc22c90e8c0882?pid=COMHDNV8HQQJSHFH&lid=LSTCOMHDNV8HQQJSHFHGKKMT5&marketplace=FLIPKART&q=laptops&store=6bo%2Fb5g&srno=s_2_33&otracker=search&otracker1=search&fm=Search&iid=b6b1fd30-dbb9-4432-8c27-c7ced7bb2ead.COMHDNV8HQQJSHFH.SEARCH&ppt=sp&ppn=sp&ssid=ydokzt7jfk0000001761554138877&qH=c06ea84a1e3dc3c6
Samsung Galaxy Book4 Intel Core 5 120U - (16 GB/512 GB SSD/Linux) NP754XGQ-LS1IN Thin and Light Laptop,"₹45,290",https://rukminim2.flixcart.com/image/312/312/xif0q/computer/a/i/q/galaxy-book4-thin-and-light-laptop-samsung-original-imahgfpzfzxznyvb.jpeg?q=70,https://www.flipkart.com/samsung-galaxy-book4-intel-core-5-120u-16-gb-512-gb-ssd-linux-np754xgq-ls1in-thin-light-laptop/p/itm3f1756a78138e?pid=COMHGFPZUMHMK9GJ&lid=LSTCOMHGFPZUMHMK9GJIPETAY&marketplace=FLIPKART&q=laptops&store=6bo%2Fb5g&srno=s_2_34&otracker=search&otracker1=search&fm=Search&iid=b6b1fd30-dbb9-4432-8c27-c7ced7bb2ead.COMHGFPZUMHMK9GJ.SEARCH&ppt=sp&ppn=sp&ssid=ydokzt7jfk0000001761554138877&qH=c06ea84a1e3dc3c6
"ASUS Vivobook S15, A-Part Metal Body, Backlit Keyboard, Intel Core i9 13th Gen 13900H - (16 GB/512 GB ...","₹83,990",https://rukminim2.flixcart.com/image/312/312/xif0q/computer/u/u/z/-original-imahcd99fpcyhk37.jpeg?q=70,https://www.flipkart.com/asus-vivobook-s15-a-part-metal-body-backlit-keyboard-intel-core-i9-13th-gen-13900h-16-gb-512-gb-ssd-windows-11-home-k5504vab-bn417ws-thin-light-laptop/p/itm0eb223e3c7544?pid=COMH3J9YUEFZSCF5&lid=LSTCOMH3J9YUEFZSCF5I3MRSV&marketplace=FLIPKART&q=laptops&store=6bo%2Fb5g&srno=s_2_35&otracker=search&otracker1=search&fm=Search&iid=b6b1fd30-dbb9-4432-8c27-c7ced7bb2ead.COMH3J9YUEFZSCF5.SEARCH&ppt=sp&ppn=sp&ssid=ydokzt7jfk0000001761554138877&qH=c06ea84a1e3dc3c6
Acer Intel Core i3 12th Gen 1215U - (16 GB/512 GB SSD/Windows 11 Home) A324-51 Thin and Light Laptop,"₹29,990",https://rukminim2.flixcart.com/image/312/312/xif0q/computer/u/9/m/-original-imahgfdfgzfv9drf.jpeg?q=70,https://www.flipkart.com/acer-intel-core-i3-12th-gen-1215u-16-gb-512-gb-ssd-windows-11-home-a324-51-thin-light-laptop/p/itm7dda0a4d1d62a?pid=COMH28U4QHJGSTV5&lid=LSTCOMH28U4QHJGSTV57JO6OP&marketplace=FLIPKART&q=laptops&store=6bo%2Fb5g&srno=s_2_36&otracker=search&otracker1=search&fm=Search&iid=b6b1fd30-dbb9-4432-8c27-c7ced7bb2ead.COMH28U4QHJGSTV5.SEARCH&ppt=sp&ppn=sp&ssid=ydokzt7jfk0000001761554138877&qH=c06ea84a1e3dc3c6
ASUS Vivobook Go 15 AMD Ryzen 5 Quad Core 7520U - (16 GB/512 GB SSD/Windows 11 Home) E1504FA-NJ5542WS ...,"₹41,990",https://rukminim2.flixcart.com/image/312/312/xif0q/computer/k/t/x/e1504fa-nj5542ws-e1504fa-nj1505ws-thin-and-light-laptop-asus-original-imahfcwz2czfkfsu.jpeg?q=70,https://www.flipkart.com/asus-vivobook-go-15-amd-ryzen-5-quad-core-7520u-16-gb-512-gb-ssd-windows-11-home-e1504fa-nj5542ws-e1504fa-nj1505ws-thin-light-laptop/p/itm24ce8ebbf5e72?pid=COMH8VXVXPVQTHHR&lid=LSTCOMH8VXVXPVQTHHRO5HOJA&marketplace=FLIPKART&q=laptops&store=6bo%2Fb5g&srno=s_2_37&otracker=search&otracker1=search&fm=Search&iid=en_3v9dzZ7fH3iTObT1jauExtYqT2hQC7Mm10TtNoVfApvtbtZKqgj0G6iX-SHmi52nl2f2YI-CdVQ_OrIxoSfu8fUFjCTyOHoHZs-Z5_PS_w0%3D&ppt=sp&ppn=sp&ssid=ydokzt7jfk0000001761554138877&qH=c06ea84a1e3dc3c6
Infinix B15 Series AMD Ryzen 5 Hexa Core 5500U - (16 GB/512 GB SSD/Windows 11 Home) BL51A5 Thin and Li...,"₹32,990",https://rukminim2.flixcart.com/image/312/312/xif0q/computer/h/1/e/-original-imahesw8ggurgyru.jpeg?q=70,https://www.flipkart.com/infinix-b15-series-amd-ryzen-5-hexa-core-5500u-16-gb-512-gb-ssd-windows-11-home-bl51a5-thin-light-laptop/p/itm44fad3bb6bbe7?pid=COMHESUZH4NYW9NT&lid=LSTCOMHESUZH4NYW9NTMB5CBK&marketplace=FLIPKART&q=laptops&store=6bo%2Fb5g&srno=s_2_38&otracker=search&otracker1=search&fm=Search&iid=en_3v9dzZ7fH3iTObT1jauExtYqT2hQC7Mm10TtNoVfApu2MsWwJXHoEt8LWCvfDUusEm2J0JK0BGHKuet2CX8N5fUFjCTyOHoHZs-Z5_PS_w0%3D&ppt=sp&ppn=sp&ssid=ydokzt7jfk0000001761554138877&qH=c06ea84a1e3dc3c6
Acer Aspire 14 Intel Core i7 13th Gen 13620H - (16 GB/512 GB SSD/Windows 11 Home) AS14H-53 Thin and Li...,"₹58,990",https://rukminim2.flixcart.com/image/312/312/xif0q/computer/l/c/9/-original-imahgfypjsabxvbz.jpeg?q=70,https://www.flipkart.com/acer-aspire-14-intel-core-i7-13th-gen-13620h-16-gb-512-gb-ssd-windows-11-home-as14h-53-thin-light-laptop/p/itm15451b45334fc?pid=COMHEWCQSNXSZZGK&lid=LSTCOMHEWCQSNXSZZGKGIDZJH&marketplace=FLIPKART&q=laptops&store=6bo%2Fb5g&srno=s_2_39&otracker=search&otracker1=search&fm=Search&iid=b6b1fd30-dbb9-4432-8c27-c7ced7bb2ead.COMHEWCQSNXSZZGK.SEARCH&ppt=sp&ppn=sp&ssid=ydokzt7jfk0000001761554138877&qH=c06ea84a1e3dc3c6
Samsung Galaxy Book5 AI Metal Intel Core Ultra 7 255U - (16 GB/512 GB SSD/Windows 11 Home) NP750XHD Th...,"₹87,990",https://rukminim2.flixcart.com/image/312/312/xif0q/computer/i/n/q/-original-imahgwkqrdsdqfqz.jpeg?q=70,https://www.flipkart.com/samsung-galaxy-book5-ai-metal-intel-core-ultra-7-255u-16-gb-512-gb-ssd-windows-11-home-np750xhd-thin-light-laptop/p/itma9c081cdbe95d?pid=COMHE4ATBCUTGUYT&lid=LSTCOMHE4ATBCUTGUYTJZ7NHN&marketplace=FLIPKART&q=laptops&store=6bo%2Fb5g&srno=s_2_40&otracker=search&otracker1=search&fm=Search&iid=b6b1fd30-dbb9-4432-8c27-c7ced7bb2ead.COMHE4ATBCUTGUYT.SEARCH&ppt=sp&ppn=sp&ssid=ydokzt7jfk0000001761554138877&qH=c06ea84a1e3dc3c6
ASUS Expertbook P3 Metal High-performance processor Intel Core i5 13th Gen 13420H - (16 GB/512 GB SSD/...,"₹64,990",https://rukminim2.flixcart.com/image/312/312/xif0q/computer/a/a/t/-original-imahgfdfwvhg8dnw.jpeg?q=70,https://www.flipkart.com/asus-expertbook-p3-metal-high-performance-processor-intel-core-i5-13th-gen-13420h-16-gb-512-gb-ssd-windows-11-home-p3405cva-ly0015ws-thin-light-laptop/p/itm09459c3a8fab7?pid=COMHB7VNHHRQYPFJ&lid=LSTCOMHB7VNHHRQYPFJ6FCSRI&marketplace=FLIPKART&q=laptops&store=6bo%2Fb5g&srno=s_2_41&otracker=search&otracker1=search&fm=Search&iid=en_3v9dzZ7fH3iTObT1jauExtYqT2hQC7Mm10TtNoVfApurgMQD6wIXjuK1bRWc8Pe2_XzoTUm2h6wca3RGpyZrW_UFjCTyOHoHZs-Z5_PS_w0%3D&ppt=sp&ppn=sp&ssid=ydokzt7jfk0000001761554138877&qH=c06ea84a1e3dc3c6
ASUS Expertbook P1 Intel Core i3 13th Gen 1315U - (8 GB/512 GB SSD/Windows 11 Home) P1403CVA-S60343WS ...,"₹39,990",https://rukminim2.flixcart.com/image/312/312/xif0q/computer/u/q/7/-original-imahb8x6w484vcry.jpeg?q=70,https://www.flipkart.com/asus-expertbook-p1-intel-core-i3-13th-gen-1315u-8-gb-512-gb-ssd-windows-11-home-p1403cva-s60343ws-thin-light-laptop/p/itm275e21a6deac0?pid=COMH8Z2QRWQQZTCJ&lid=LSTCOMH8Z2QRWQQZTCJ7QVQUG&marketplace=FLIPKART&q=laptops&store=6bo%2Fb5g&srno=s_2_42&otracker=search&otracker1=search&fm=Search&iid=en_3v9dzZ7fH3iTObT1jauExtYqT2hQC7Mm10TtNoVfApsWRoZjUbys_4LaQubNvP0SQ-SQ1elragYKEgSXI-PCWvUFjCTyOHoHZs-Z5_PS_w0%3D&ppt=sp&ppn=sp&ssid=ydokzt7jfk0000001761554138877&qH=c06ea84a1e3dc3c6
Acer Aspire 15 AMD Ryzen 5 Hexa Core 7430U - (16 GB/512 GB SSD/Windows 11 Home) Aspire AS15-42 Thin an...,"₹38,990",https://rukminim2.flixcart.com/image/312/312/xif0q/computer/t/b/y/-original-imahgfdyhuawzshs.jpeg?q=70,https://www.flipkart.com/acer-aspire-15-amd-ryzen-5-hexa-core-7430u-16-gb-512-gb-ssd-windows-11-home-as15-42-thin-light-laptop/p/itmdaf15e01a1d1a?pid=COMH397XW36HUXB8&lid=LSTCOMH397XW36HUXB8LCSOPU&marketplace=FLIPKART&q=laptops&store=6bo%2Fb5g&srno=s_2_43&otracker=search&otracker1=search&fm=Search&iid=b6b1fd30-dbb9-4432-8c27-c7ced7bb2ead.COMH397XW36HUXB8.SEARCH&ppt=sp&ppn=sp&ssid=ydokzt7jfk0000001761554138877&qH=c06ea84a1e3dc3c6
Acer Aspire 3 AMD Ryzen 3 Quad Core 7330U - (8 GB/512 GB SSD/Windows 11 Home) A325-42 Thin and Light L...,"₹28,799",https://rukminim2.flixcart.com/image/312/312/xif0q/computer/o/m/l/-original-imahcd9zt99rekjd.jpeg?q=70,https://www.flipkart.com/acer-aspire-3-amd-ryzen-quad-core-7330u-8-gb-512-gb-ssd-windows-11-home-a325-42-thin-light-laptop/p/itmdaf15e01a1d1a?pid=COMH397X2KJ8XCHR&lid=LSTCOMH397X2KJ8XCHR2MMOMU&marketplace=FLIPKART&q=laptops&store=6bo%2Fb5g&srno=s_2_44&otracker=search&otracker1=search&fm=Search&iid=b6b1fd30-dbb9-4432-8c27-c7ced7bb2ead.COMH397X2KJ8XCHR.SEARCH&ppt=sp&ppn=sp&ssid=ydokzt7jfk0000001761554138877&qH=c06ea84a1e3dc3c6
Samsung Galaxy Book4 Metal Intel Core i3 13th Gen 1315U - (8 GB/512 GB SSD/Windows 11 Home) NP750XGJ-L...,"₹37,999",https://rukminim2.flixcart.com/image/312/312/xif0q/computer/e/3/u/-original-imahgfdfhfyjchah.jpeg?q=70,https://www.flipkart.com/samsung-galaxy-book4-metal-intel-core-i3-13th-gen-1315u-8-gb-512-gb-ssd-windows-11-home-np750xgj-lg9in-thin-light-laptop/p/itmc29d559898e6f?pid=COMH4Y6KKRC9YSWE&lid=LSTCOMH4Y6KKRC9YSWERDUMZD&marketplace=FLIPKART&q=laptops&store=6bo%2Fb5g&srno=s_2_45&otracker=search&otracker1=search&fm=Search&iid=b6b1fd30-dbb9-4432-8c27-c7ced7bb2ead.COMH4Y6KKRC9YSWE.SEARCH&ppt=sp&ppn=sp&ssid=ydokzt7jfk0000001761554138877&qH=c06ea84a1e3dc3c6
"ASUS Vivobook 15 (2025) with Office 2024 + M365 Basic*, Backlit Keyboard, Intel Core i3 13th Gen 1315U...","₹42,990",https://rukminim2.flixcart.com/image/312/312/xif0q/computer/b/l/v/-original-imahgfdffszmurd7.jpeg?q=70,https://www.flipkart.com/asus-vivobook-15-2025-office-2024-m365-basic-backlit-keyboard-intel-core-i3-13th-gen-1315u-16-gb-512-gb-ssd-windows-11-home-x1504va-bq343ws-thin-light-laptop/p/itmdf2737816fe85?pid=COMHEZZTGEZXHS63&lid=LSTCOMHEZZTGEZXHS63518EOD&marketplace=FLIPKART&q=laptops&store=6bo%2Fb5g&srno=s_2_46&otracker=search&otracker1=search&fm=Search&iid=b6b1fd30-dbb9-4432-8c27-c7ced7bb2ead.COMHEZZTGEZXHS63.SEARCH&ppt=sp&ppn=sp&ssid=ydokzt7jfk0000001761554138877&qH=c06ea84a1e3dc3c6
"ASUS Vivobook S14 Flip (2025) with Office 2024 + M365 Basic*, Backlit Keyboard, Intel Core i5 13th Gen...","₹66,990",https://rukminim2.flixcart.com/image/312/312/xif0q/computer/h/9/w/-original-imahgfdfdfgxhetb.jpeg?q=70,https://www.flipkart.com/asus-vivobook-s14-flip-2025-office-2024-m365-basic-backlit-keyboard-intel-core-i5-13th-gen-13420h-16-gb-512-gb-ssd-windows-11-home-tp3402vao-lz612ws-2-1-laptop/p/itme494b3629a714?pid=COMH9SJ9VAJ7ZD99&lid=LSTCOMH9SJ9VAJ7ZD99ZNVNMB&marketplace=FLIPKART&q=laptops&store=6bo%2Fb5g&srno=s_2_47&otracker=search&otracker1=search&fm=Search&iid=en_3v9dzZ7fH3iTObT1jauExtYqT2hQC7Mm10TtNoVfApvpV3y_HU05y858lki1DVw2yVpSvGgb4ugQZzWdnPuBofUFjCTyOHoHZs-Z5_PS_w0%3D&ppt=sp&ppn=sp&ssid=ydokzt7jfk0000001761554138877&qH=c06ea84a1e3dc3c6
ASUS Expertbook P1 High-performance processor Intel Core i7 13th Gen 13620H - (32 GB/512 GB SSD/Window...,"₹74,990",https://rukminim2.flixcart.com/image/312/312/xif0q/computer/0/i/4/-original-imahgfdffffesksg.jpeg?q=70,https://www.flipkart.com/asus-expertbook-p1-high-performance-processor-intel-core-i7-13th-gen-13620h-32-gb-512-gb-ssd-windows-11-home-p1403cva-s60940ws-thin-light-laptop/p/itmc8b94112958cf?pid=COMH8Z2QT98FWRGH&lid=LSTCOMH8Z2QT98FWRGH3QRD3U&marketplace=FLIPKART&q=laptops&store=6bo%2Fb5g&srno=s_2_48&otracker=search&otracker1=search&fm=Search&iid=en_3v9dzZ7fH3iTObT1jauExtYqT2hQC7Mm10TtNoVfAptsTyPbaGkjzyYRSyqpwzyvd1STH1zia4kLkV_v9-PLHqV8WX5krIChubBlraAu4CQ%3D&ppt=sp&ppn=sp&ssid=ydokzt7jfk0000001761554138877&qH=c06ea84a1e3dc3c6
DELL 14 (2025) Intel Core i3 13th Gen 1305U - (16 GB/512 GB SSD/Windows 11 Pro) 14 Thin and Light Lapt...,"₹37,790",https://rukminim2.flixcart.com/image/312/312/xif0q/computer/l/g/j/inspiron-5440-thin-and-light-laptop-dell-original-imahergvsay7kepc.jpeg?q=70,https://www.flipkart.com/dell-14-2025-intel-core-i3-13th-gen-1305u-16-gb-512-gb-ssd-windows-11-pro-thin-light-laptop/p/itm97c6a9e61a155?pid=COMHERGVNSV8ZAYP&lid=LSTCOMHERGVNSV8ZAYPCSNXXZ&marketplace=FLIPKART&q=laptops&store=6bo%2Fb5g&srno=s_3_49&otracker=search&otracker1=search&fm=Search&iid=1d44978b-34b6-405c-aba9-5274b266c5bd.COMHERGVNSV8ZAYP.SEARCH&ppt=sp&ppn=sp&ssid=ydokzt7jfk0000001761554138877&qH=c06ea84a1e3dc3c6
DELL Inspiron 5440 (2025) Intel Core i3 13th Gen 1305U - (16 GB/512 GB SSD/Windows 11 Home) Inspiron 5...,"₹36,590",https://rukminim2.flixcart.com/image/312/312/xif0q/computer/i/m/l/inspiron-5440-thin-and-light-laptop-dell-original-imahergnzncxkcfq.jpeg?q=70,https://www.flipkart.com/dell-inspiron-5440-2025-intel-core-i3-13th-gen-1305u-16-gb-512-gb-ssd-windows-11-home-thin-light-laptop/p/itmedd3b1335552d?pid=COMHERGNK3PCMMSU&lid=LSTCOMHERGNK3PCMMSU9HBVBH&marketplace=FLIPKART&q=laptops&store=6bo%2Fb5g&srno=s_3_50&otracker=search&otracker1=search&fm=Search&iid=1d44978b-34b6-405c-aba9-5274b266c5bd.COMHERGNK3PCMMSU.SEARCH&ppt=sp&ppn=sp&ssid=ydokzt7jfk0000001761554138877&qH=c06ea84a1e3dc3c6
ASUS Expertbook P1 High-performance processor Intel Core i7 13th Gen 13620H - (16 GB/512 GB SSD/Window...,"₹63,990",https://rukminim2.flixcart.com/image/312/312/xif0q/computer/a/l/z/-original-imahgfdfzw3wkznw.jpeg?q=70,https://www.flipkart.com/asus-expertbook-p1-high-performance-processor-intel-core-i7-13th-gen-13620h-16-gb-512-gb-ssd-windows-11-home-p1503cva-s71042ws-thin-light-laptop/p/itmaaf79b8a24f17?pid=COMH8Z2QK37PNMFZ&lid=LSTCOMH8Z2QK37PNMFZSEPVRE&marketplace=FLIPKART&q=laptops&store=6bo%2Fb5g&srno=s_3_51&otracker=search&otracker1=search&fm=Search&iid=en_0LMBafqqV4R37iK4n8fKbL_0IkXemWVMQdTBDX_KEz2sHKdF3cNEIQ2KMZvyQ2IBn5yZaqOGw7vKIWqzXTDupPUFjCTyOHoHZs-Z5_PS_w0%3D&ppt=sp&ppn=sp&ssid=ydokzt7jfk0000001761554138877&qH=c06ea84a1e3dc3c6
"ASUS Vivobook 14 (2025) with Office 2024 + M365 Basic*, Backlit Keyboard, Intel Core i3 13th Gen 1315U...","₹39,990",https://rukminim2.flixcart.com/image/312/312/xif0q/computer/a/w/f/-original-imahfcztkqbayhnc.jpeg?q=70,https://www.flipkart.com/asus-vivobook-14-2025-office-2024-m365-basic-backlit-keyboard-intel-core-i3-13th-gen-1315u-8-gb-512-gb-ssd-windows-11-home-x1404va-eb322ws-thin-light-laptop/p/itmf2e5281da2512?pid=COMHEZZT3T9G2DZN&lid=LSTCOMHEZZT3T9G2DZNUH7WDO&marketplace=FLIPKART&q=laptops&store=6bo%2Fb5g&srno=s_3_52&otracker=search&otracker1=search&fm=Search&iid=en_0LMBafqqV4R37iK4n8fKbL_0IkXemWVMQdTBDX_KEz0q3DtCnDXVH15KJEZJXabzoOkPXOyQIVRAI6oDL1PfH_UFjCTyOHoHZs-Z5_PS_w0%3D&ppt=sp&ppn=sp&ssid=ydokzt7jfk0000001761554138877&qH=c06ea84a1e3dc3c6
Acer Aspire 7 Intel Core i7 13th Gen 13620H - (16 GB/512 GB SSD/Windows 11 Home/6 GB Graphics/NVIDIA G...,"₹64,999",https://rukminim2.flixcart.com/image/312/312/xif0q/computer/m/i/m/-original-imahgfdfnayhh5h4.jpeg?q=70,https://www.flipkart.com/acer-aspire-7-intel-core-i7-13th-gen-13620h-16-gb-512-gb-ssd-windows-11-home-6-graphics-nvidia-geforce-rtx-3050-144-hz-a715-79g-gaming-laptop/p/itm0f412dd7943ad?pid=COMHD5WWFAGFXGN2&lid=LSTCOMHD5WWFAGFXGN2GWZ7AB&marketplace=FLIPKART&q=laptops&store=6bo%2Fb5g&srno=s_3_53&otracker=search&otracker1=search&fm=Search&iid=1d44978b-34b6-405c-aba9-5274b266c5bd.COMHD5WWFAGFXGN2.SEARCH&ppt=sp&ppn=sp&ssid=ydokzt7jfk0000001761554138877&qH=c06ea84a1e3dc3c6
Infinix Y4 Max Series Intel Core i5 13th Gen 1335U - (16 GB/512 GB SSD/Windows 11 Home) YL613 Thin and...,"₹34,990",https://rukminim2.flixcart.com/image/312/312/xif0q/computer/g/a/n/-original-imahcd9jtc54fcuy.jpeg?q=70,https://www.flipkart.com/infinix-y4-max-series-intel-core-i5-13th-gen-1335u-16-gb-512-gb-ssd-windows-11-home-yl613-thin-light-laptop/p/itmd28733993c713?pid=COMGWWBRSAFMWR3W&lid=LSTCOMGWWBRSAFMWR3WJIBRUX&marketplace=FLIPKART&q=laptops&store=6bo%2Fb5g&srno=s_3_54&otracker=search&otracker1=search&fm=Search&iid=1d44978b-34b6-405c-aba9-5274b266c5bd.COMGWWBRSAFMWR3W.SEARCH&ppt=sp&ppn=sp&ssid=ydokzt7jfk0000001761554138877&qH=c06ea84a1e3dc3c6
walker Intel Celeron Dual Core N4020 - (4 GB/128 GB SSD/Windows 11 Home) NU14A1 Thin and Light Laptop,"₹11,899",https://rukminim2.flixcart.com/image/312/312/xif0q/computer/k/7/y/-original-imahcd9husuygxp6.jpeg?q=70,https://www.flipkart.com/walker-intel-celeron-dual-core-n4020-4-gb-128-gb-ssd-windows-11-home-nu14a1-thin-light-laptop/p/itm3d8c664ba317d?pid=COMGT4RVRZZKSHX3&lid=LSTCOMGT4RVRZZKSHX3QIYXNU&marketplace=FLIPKART&q=laptops&store=6bo%2Fb5g&srno=s_3_55&otracker=search&otracker1=search&fm=Search&iid=1d44978b-34b6-405c-aba9-5274b266c5bd.COMGT4RVRZZKSHX3.SEARCH&ppt=sp&ppn=sp&ssid=ydokzt7jfk0000001761554138877&qH=c06ea84a1e3dc3c6
HP AMD Ryzen 5 Hexa Core 7530U - (8 GB/512 GB SSD/Windows 11 Home) 15-fc0388AU Thin and Light Laptop,"₹35,990",https://rukminim2.flixcart.com/image/312/312/xif0q/computer/n/n/j/-original-imahc7gr7gvtdm4q.jpeg?q=70,https://www.flipkart.com/hp-amd-ryzen-5-hexa-core-7530u-8-gb-512-gb-ssd-windows-11-home-15-fc0388au-thin-light-laptop/p/itmb763294e17b16?pid=COMHBFRJGNVCV6MZ&lid=LSTCOMHBFRJGNVCV6MZESS2IM&marketplace=FLIPKART&q=laptops&store=6bo%2Fb5g&srno=s_3_56&otracker=search&otracker1=search&fm=Search&iid=1d44978b-34b6-405c-aba9-5274b266c5bd.COMHBFRJGNVCV6MZ.SEARCH&ppt=sp&ppn=sp&ssid=ydokzt7jfk0000001761554138877&qH=c06ea84a1e3dc3c6
"ASUS Gaming V16 (2025) for Creator with Office 2024 + M365 Basic*,AI PC((i5 14th gen) Intel Core 5 210...","₹84,990",https://rukminim2.flixcart.com/image/312/312/xif0q/computer/e/r/l/-original-imahfthuktzgmyba.jpeg?q=70,https://www.flipkart.com/asus-gaming-v16-2025-creator-office-2024-m365-basic-ai-pc-i5-14th-gen-intel-core-5-210h-16-gb-512-gb-ssd-windows-11-home-6-graphics-nvidia-geforce-rtx-4050-144-hz-v3607vu-rp550ws-laptop/p/itm098aec3c37243?pid=COMH89EB4YHB2R5U&lid=LSTCOMH89EB4YHB2R5UAEKWSN&marketplace=FLIPKART&q=laptops&store=6bo%2Fb5g&srno=s_3_57&otracker=search&otracker1=search&fm=Search&iid=en_0LMBafqqV4R37iK4n8fKbL_0IkXemWVMQdTBDX_KEz34Zz0aR58LvspOAqYbT_3z0ANTgaY_LkUGFmPVScRgMPUFjCTyOHoHZs-Z5_PS_w0%3D&ppt=sp&ppn=sp&ssid=ydokzt7jfk0000001761554138877&qH=c06ea84a1e3dc3c6
"ASUS Vivobook 15 (2025) with Touchscreen & Backlit Keyboard, Intel Core i3 13th Gen 1315U - (8 GB/512 ...","₹42,990",https://rukminim2.flixcart.com/image/312/312/xif0q/computer/3/2/s/-original-imah2ger8qjev3sj.jpeg?q=70,https://www.flipkart.com/asus-vivobook-15-2025-touchscreen-backlit-keyboard-intel-core-i3-13th-gen-1315u-8-gb-512-gb-ssd-windows-11-home-x1504va-e81599ws-2-1-laptop/p/itm72fc7af14df5e?pid=COMH9SJ9Q8ZZHFN7&lid=LSTCOMH9SJ9Q8ZZHFN7V5EST1&marketplace=FLIPKART&q=laptops&store=6bo%2Fb5g&srno=s_3_58&otracker=search&otracker1=search&fm=Search&iid=en_0LMBafqqV4R37iK4n8fKbL_0IkXemWVMQdTBDX_KEz3N7UiDllcM18jdeji2v--mNGiFv88lmrseGHpVraTfQvUFjCTyOHoHZs-Z5_PS_w0%3D&ppt=sp&ppn=sp&ssid=ydokzt7jfk0000001761554138877&qH=c06ea84a1e3dc3c6
Acer Aspire AMD Ryzen 5 Hexa Core 7430U - (16 GB/1 TB SSD/Windows 11 Home) AS15-42 Thin and Light Lapt...,"₹39,990",https://rukminim2.flixcart.com/image/312/312/xif0q/computer/s/b/n/aspire-thin-and-light-laptop-acer-original-imahc56whmfgauzg.jpeg?q=70,https://www.flipkart.com/acer-aspire-amd-ryzen-5-hexa-core-7430u-16-gb-1-tb-ssd-windows-11-home-as15-42-thin-light-laptop/p/itm6b3261e51baf5?pid=COMHBYH3ZQMZKTSA&lid=LSTCOMHBYH3ZQMZKTSAMGDFHN&marketplace=FLIPKART&q=laptops&store=6bo%2Fb5g&srno=s_3_59&otracker=search&otracker1=search&fm=Search&iid=1d44978b-34b6-405c-aba9-5274b266c5bd.COMHBYH3ZQMZKTSA.SEARCH&ppt=sp&ppn=sp&ssid=ydokzt7jfk0000001761554138877&qH=c06ea84a1e3dc3c6
Lenovo IdeaPad Slim 3 Backlit Intel Core i5 12th Gen 12450H - (16 GB/512 GB SSD/Windows 11 Home) 15IAH...,"₹45,490",https://rukminim2.flixcart.com/image/312/312/xif0q/computer/e/c/x/-original-imahex3tcf4pzxej.jpeg?q=70,https://www.flipkart.com/lenovo-ideapad-slim-3-backlit-intel-core-i5-12th-gen-12450h-16-gb-512-gb-ssd-windows-11-home-15iah8-thin-light-laptop/p/itm76f0e5d975817?pid=COMGVQ2Y3ENU2RNV&lid=LSTCOMGVQ2Y3ENU2RNV6DRZRD&marketplace=FLIPKART&q=laptops&store=6bo%2Fb5g&srno=s_3_60&otracker=search&otracker1=search&fm=Search&iid=1d44978b-34b6-405c-aba9-5274b266c5bd.COMGVQ2Y3ENU2RNV.SEARCH&ppt=sp&ppn=sp&ssid=ydokzt7jfk0000001761554138877&qH=c06ea84a1e3dc3c6
ASUS Expertbook P1 Intel Core i3 13th Gen 1315U - (8 GB/512 GB SSD/Windows 11 Home) P1503CVA-S70501WS ...,"₹39,990",https://rukminim2.flixcart.com/image/312/312/xif0q/computer/o/v/2/-original-imahb8x5yzkfff3p.jpeg?q=70,https://www.flipkart.com/asus-expertbook-p1-intel-core-i3-13th-gen-1315u-8-gb-512-gb-ssd-windows-11-home-p1503cva-s70501ws-thin-light-laptop/p/itm5b59a30b4c016?pid=COMH8Z2QADYUVZN8&lid=LSTCOMH8Z2QADYUVZN8LRHSHZ&marketplace=FLIPKART&q=laptops&store=6bo%2Fb5g&srno=s_3_61&otracker=search&otracker1=search&fm=Search&iid=en_0LMBafqqV4R37iK4n8fKbL_0IkXemWVMQdTBDX_KEz0kG6wX1n4bi1L2_0bO9_53_U7DtVIqBTcI6uvkG6gkE_UFjCTyOHoHZs-Z5_PS_w0%3D&ppt=sp&ppn=sp&ssid=ydokzt7jfk0000001761554138877&qH=c06ea84a1e3dc3c6
"ASUS Vivobook S14 Flip (2025) with Office 2024 + M365 Basic*, Metallic Design, Intel Core i5 13th Gen ...","₹66,990",https://rukminim2.flixcart.com/image/312/312/xif0q/computer/4/5/e/-original-imahgfdypkndramu.jpeg?q=70,https://www.flipkart.com/asus-vivobook-s14-flip-2025-office-2024-m365-basic-metallic-design-intel-core-i5-13th-gen-13420h-16-gb-512-gb-ssd-windows-11-home-tp3402vao-lz619ws-2-1-laptop/p/itm1f8488dce4bb0?pid=COMHEGTK9FWGGZ6Q&lid=LSTCOMHEGTK9FWGGZ6QOB5NLC&marketplace=FLIPKART&q=laptops&store=6bo%2Fb5g&srno=s_3_62&otracker=search&otracker1=search&fm=Search&iid=en_0LMBafqqV4R37iK4n8fKbL_0IkXemWVMQdTBDX_KEz3FGv12BFV4kD6AtpLothvZS6TLNZETw_UpS5-OWoiYY_UFjCTyOHoHZs-Z5_PS_w0%3D&ppt=sp&ppn=sp&ssid=ydokzt7jfk0000001761554138877&qH=c06ea84a1e3dc3c6
HP 14 AI PC Intel Core Ultra 7 155H - (16 GB/512 GB SSD/Windows 11 Home) 14-gr1036TU Thin and Light La...,"₹79,990",https://rukminim2.flixcart.com/image/312/312/xif0q/computer/l/h/0/-original-imahgx8vbzbxzhrg.jpeg?q=70,https://www.flipkart.com/hp-14-ai-pc-intel-core-ultra-7-155h-16-gb-512-gb-ssd-windows-11-home-14-gr1036tu-thin-light-laptop/p/itm3940c6281caa9?pid=COMHF8G932EYZAJF&lid=LSTCOMHF8G932EYZAJFOUI9CA&marketplace=FLIPKART&q=laptops&store=6bo%2Fb5g&srno=s_3_63&otracker=search&otracker1=search&fm=Search&iid=1d44978b-34b6-405c-aba9-5274b266c5bd.COMHF8G932EYZAJF.SEARCH&ppt=sp&ppn=sp&ssid=ydokzt7jfk0000001761554138877&qH=c06ea84a1e3dc3c6
Lenovo �IdeaPad Slim 5 WUXGA OLED Full Metal Body Intel Core i5 13th Gen 13420H - (16 GB/512 GB SSD/Wi...,"₹69,990",https://rukminim2.flixcart.com/image/312/312/xif0q/computer/o/v/3/-original-imahfkh32rjbqrhj.jpeg?q=70,https://www.flipkart.com/lenovo-ideapad-slim-5-wuxga-oled-full-metal-body-intel-core-i5-13th-gen-13420h-16-gb-512-gb-ssd-windows-11-home-ideapad-14irh10-thin-light-laptop/p/itm0b17c3ba291b5?pid=COMHC5GNMHRMZKHM&lid=LSTCOMHC5GNMHRMZKHMK3BMPK&marketplace=FLIPKART&q=laptops&store=6bo%2Fb5g&srno=s_3_64&otracker=search&otracker1=search&fm=Search&iid=1d44978b-34b6-405c-aba9-5274b266c5bd.COMHC5GNMHRMZKHM.SEARCH&ppt=sp&ppn=sp&ssid=ydokzt7jfk0000001761554138877&qH=c06ea84a1e3dc3c6
HP 15 (2025) AMD Ryzen 3 Quad Core 7320U - (16 GB/512 GB SSD/Windows 11 Home) 15 Thin and Light Laptop,"₹32,759",https://rukminim2.flixcart.com/image/312/312/xif0q/computer/n/a/f/15-thin-and-light-laptop-hp-original-imahdpzkrhem7h7g.jpeg?q=70,https://www.flipkart.com/hp-15-2025-amd-ryzen-3-quad-core-7320u-16-gb-512-gb-ssd-windows-11-home-thin-light-laptop/p/itmb73d8938f21b4?pid=COMHFAGTXRQNHEAG&lid=LSTCOMHFAGTXRQNHEAG7EOVVY&marketplace=FLIPKART&q=laptops&store=6bo%2Fb5g&srno=s_3_65&otracker=search&otracker1=search&fm=Search&iid=1d44978b-34b6-405c-aba9-5274b266c5bd.COMHFAGTXRQNHEAG.SEARCH&ppt=sp&ppn=sp&ssid=ydokzt7jfk0000001761554138877&qH=c06ea84a1e3dc3c6
HP Victus AMD Ryzen 7 Hexa Core 7445HS - (16 GB/512 GB SSD/Windows 11 Home/4 GB Graphics/NVIDIA GeForc...,"₹58,990",https://rukminim2.flixcart.com/image/312/312/xif0q/computer/y/i/s/-original-imahgfdf4tyzdg5x.jpeg?q=70,https://www.flipkart.com/hp-victus-amd-ryzen-7-hexa-core-7445hs-16-gb-512-gb-ssd-windows-11-home-4-graphics-nvidia-geforce-rtx-2050-15-fb3122ax-gaming-laptop/p/itm7389a8b4c5a14?pid=COMHDWKFZGHSYR59&lid=LSTCOMHDWKFZGHSYR596VT4PT&marketplace=FLIPKART&q=laptops&store=6bo%2Fb5g&srno=s_3_66&otracker=search&otracker1=search&fm=Search&iid=1d44978b-34b6-405c-aba9-5274b266c5bd.COMHDWKFZGHSYR59.SEARCH&ppt=sp&ppn=sp&ssid=ydokzt7jfk0000001761554138877&qH=c06ea84a1e3dc3c6
"ASUS Vivobook Go 15 (2025) with Office 2024 + M365 Basic*, Backlit Keyboard, AMD Ryzen 5 Quad Core 752...","₹42,990",https://rukminim2.flixcart.com/image/312/312/xif0q/computer/i/m/z/-original-imahgfdfjntmzjkh.jpeg?q=70,https://www.flipkart.com/asus-vivobook-go-15-2025-office-2024-m365-basic-backlit-keyboard-amd-ryzen-5-quad-core-7520u-16-gb-512-gb-ssd-windows-11-home-e1504fa-bq2543ws-thin-light-laptop/p/itmef216cf26f85c?pid=COMHCQ5EJAN4SYC7&lid=LSTCOMHCQ5EJAN4SYC7AENXD4&marketplace=FLIPKART&q=laptops&store=6bo%2Fb5g&srno=s_3_67&otracker=search&otracker1=search&fm=Search&iid=en_0LMBafqqV4R37iK4n8fKbL_0IkXemWVMQdTBDX_KEz0HYD4YgDDyL0CeNtvMhiglN1tGC-jGARFQOWtux66eyfUFjCTyOHoHZs-Z5_PS_w0%3D&ppt=sp&ppn=sp&ssid=ydokzt7jfk0000001761554138877&qH=c06ea84a1e3dc3c6
"ASUS Vivobook 14 (2025) with Office 2024 + M365 Basic*, AI PC, Backlit Keyboard, Intel Core Ultra 5 22...","₹70,990",https://rukminim2.flixcart.com/image/312/312/xif0q/computer/7/t/v/-original-imahgfdfxwhykkpa.jpeg?q=70,https://www.flipkart.com/asus-vivobook-14-2025-office-2024-m365-basic-ai-pc-backlit-keyboard-intel-core-ultra-5-225h-16-gb-512-gb-ssd-windows-11-home-x1407ca-ly102ws-thin-light-laptop/p/itm46931df73e192?pid=COMH89EBSHZAG9ZE&lid=LSTCOMH89EBSHZAG9ZEFVUQUB&marketplace=FLIPKART&q=laptops&store=6bo%2Fb5g&srno=s_3_68&otracker=search&otracker1=search&fm=Search&iid=en_0LMBafqqV4R37iK4n8fKbL_0IkXemWVMQdTBDX_KEz22e34Bnht97VRsioKSTbWXB_GY8J-ZgoTEJUeY0oo_QfUFjCTyOHoHZs-Z5_PS_w0%3D&ppt=sp&ppn=sp&ssid=ydokzt7jfk0000001761554138877&qH=c06ea84a1e3dc3c6
Lenovo 100e Chromebook Gen 4 MediaTek Kompanio 520 - (4 GB/32 GB EMMC Storage/Chrome OS) 82W00004HA Ch...,"₹12,990",https://rukminim2.flixcart.com/image/312/312/xif0q/computer/c/g/4/-original-imahgfdyf6grkw9r.jpeg?q=70,https://www.flipkart.com/lenovo-100e-chromebook-gen-4-mediatek-kompanio-520-4-gb-32-gb-emmc-storage-chrome-os-82w00004ha/p/itm1ae5f82096ad9?pid=COMHA9FK8YXVUUWA&lid=LSTCOMHA9FK8YXVUUWAAREQMZ&marketplace=FLIPKART&q=laptops&store=6bo%2Fb5g&srno=s_3_69&otracker=search&otracker1=search&fm=Search&iid=1d44978b-34b6-405c-aba9-5274b266c5bd.COMHA9FK8YXVUUWA.SEARCH&ppt=sp&ppn=sp&ssid=ydokzt7jfk0000001761554138877&qH=c06ea84a1e3dc3c6
DELL 15 AMD Ryzen 5 Hexa Core 7530U - (16 GB/512 GB SSD/Windows 11 Home) 3535 Thin and Light Laptop,"₹42,490",https://rukminim2.flixcart.com/image/312/312/xif0q/computer/2/u/a/-original-imahgfdyccdqwpgy.jpeg?q=70,https://www.flipkart.com/dell-15-amd-ryzen-5-hexa-core-7530u-16-gb-512-gb-ssd-windows-11-home-3535-thin-light-laptop/p/itm672bf7685863c?pid=COMH8EPFGAZ5HFM3&lid=LSTCOMH8EPFGAZ5HFM3LJSGGR&marketplace=FLIPKART&q=laptops&store=6bo%2Fb5g&srno=s_3_70&otracker=search&otracker1=search&fm=Search&iid=1d44978b-34b6-405c-aba9-5274b266c5bd.COMH8EPFGAZ5HFM3.SEARCH&ppt=sp&ppn=sp&ssid=ydokzt7jfk0000001761554138877&qH=c06ea84a1e3dc3c6
Infinix B15 Series AMD Ryzen 5 Hexa Core 5500U - (8 GB/512 GB SSD/Windows 11 Home) BL51A5 Thin and Lig...,"₹30,990",https://rukminim2.flixcart.com/image/312/312/xif0q/computer/h/1/e/-original-imahesw8ggurgyru.jpeg?q=70,https://www.flipkart.com/infinix-b15-series-amd-ryzen-5-hexa-core-5500u-8-gb-512-gb-ssd-windows-11-home-bl51a5-thin-light-laptop/p/itme1d694e05be02?pid=COMHESUZRRCGFZHG&lid=LSTCOMHESUZRRCGFZHG8PAZZS&marketplace=FLIPKART&q=laptops&store=6bo%2Fb5g&srno=s_3_71&otracker=search&otracker1=search&fm=Search&iid=en_0LMBafqqV4R37iK4n8fKbL_0IkXemWVMQdTBDX_KEz01lqMG_j7lEzPhG08o8WrR5PT6VGiQGeRz3S_3Btj1C_UFjCTyOHoHZs-Z5_PS_w0%3D&ppt=sp&ppn=sp&ssid=ydokzt7jfk0000001761554138877&qH=c06ea84a1e3dc3c6
"ASUS Vivobook S14 OLED (2025), Copilot + PC, AI PC, Metal Body, Backlit Keyboard, Intel Core Ultra 5 2...","₹91,990",https://rukminim2.flixcart.com/image/312/312/xif0q/computer/j/7/i/-original-imahcd9zxfkbgze4.jpeg?q=70,https://www.flipkart.com/asus-vivobook-s14-oled-2025-copilot-pc-ai-metal-body-backlit-keyboard-intel-core-ultra-5-226v-16-gb-512-gb-ssd-windows-11-home-s5406sa-qd098ws-thin-light-laptop/p/itmef4e485c66819?pid=COMH89EBSS8VRUNH&lid=LSTCOMH89EBSS8VRUNHJU9JJ6&marketplace=FLIPKART&q=laptops&store=6bo%2Fb5g&srno=s_3_72&otracker=search&otracker1=search&fm=Search&iid=en_0LMBafqqV4R37iK4n8fKbL_0IkXemWVMQdTBDX_KEz2-CCWmARYppUJbR0XMz4-IUb9m-da7BJRhHkvjKuFd4aV8WX5krIChubBlraAu4CQ%3D&ppt=sp&ppn=sp&ssid=ydokzt7jfk0000001761554138877&qH=c06ea84a1e3dc3c6
Samsung Galaxy Book4 Metal Intel Core i7 13th Gen 1355U - (16 GB/512 GB SSD/Windows 11 Home) NP750XGJ-...,"₹64,500",https://rukminim2.flixcart.com/image/312/312/xif0q/computer/t/z/b/-original-imahgfdf5phghq2z.jpeg?q=70,https://www.flipkart.com/samsung-galaxy-book4-metal-intel-core-i7-13th-gen-1355u-16-gb-512-gb-ssd-windows-11-home-np750xgj-kg3in-np750xgj-lg3in-np750xgj-lg8in-thin-light-laptop/p/itm1df5212efb9fc?pid=COMGZUYDYPUZAAXD&lid=LSTCOMGZUYDYPUZAAXDBMAOEF&marketplace=FLIPKART&q=laptops&store=6bo%2Fb5g&srno=s_4_73&otracker=search&otracker1=search&fm=Search&iid=e0b07476-6d23-46b4-9e0e-9ad7740b82c0.COMGZUYDYPUZAAXD.SEARCH&ppt=sp&ppn=sp&ssid=ydokzt7jfk0000001761554138877&qH=c06ea84a1e3dc3c6
Acer Aspire 3 Intel Core i3 13th Gen 1305U - (8 GB/512 GB SSD/Windows 11 Home) A324-53 Thin and Light ...,"₹29,990",https://rukminim2.flixcart.com/image/312/312/xif0q/computer/2/p/k/-original-imahgfdfqhs5yggg.jpeg?q=70,https://www.flipkart.com/acer-aspire-3-intel-core-i3-13th-gen-1305u-8-gb-512-gb-ssd-windows-11-home-a324-53-thin-light-laptop/p/itma6a6812aa712e?pid=COMH4B6CGTPNVJW9&lid=LSTCOMH4B6CGTPNVJW9JOF4ZC&marketplace=FLIPKART&q=laptops&store=6bo%2Fb5g&srno=s_4_74&otracker=search&otracker1=search&fm=Search&iid=e0b07476-6d23-46b4-9e0e-9ad7740b82c0.COMH4B6CGTPNVJW9.SEARCH&ppt=sp&ppn=sp&ssid=ydokzt7jfk0000001761554138877&qH=c06ea84a1e3dc3c6
Acer Aspire 3 Intel Core i3 13th Gen 1305U - (16 GB/512 GB SSD/Windows 11 Home) A324-53 Thin and Light...,"₹32,990",https://rukminim2.flixcart.com/image/312/312/xif0q/computer/2/p/k/-original-imahgfdfqhs5yggg.jpeg?q=70,https://www.flipkart.com/acer-aspire-3-intel-core-i3-13th-gen-1305u-16-gb-512-gb-ssd-windows-11-home-a324-53-thin-light-laptop/p/itma6a6812aa712e?pid=COMH4B6CRXD62EPK&lid=LSTCOMH4B6CRXD62EPK3NX1OA&marketplace=FLIPKART&q=laptops&store=6bo%2Fb5g&srno=s_4_75&otracker=search&otracker1=search&fm=Search&iid=e0b07476-6d23-46b4-9e0e-9ad7740b82c0.COMH4B6CRXD62EPK.SEARCH&ppt=sp&ppn=sp&ssid=ydokzt7jfk0000001761554138877&qH=c06ea84a1e3dc3c6
ASUS Vivobook Go 15 Intel Celeron Dual Core N4500 - (8 GB/512 GB SSD/Windows 11 Home) E510KA-EJ9011WS ...,"₹30,990",https://rukminim2.flixcart.com/image/312/312/xif0q/computer/b/u/e/-original-imahgfdffctzvcw6.jpeg?q=70,https://www.flipkart.com/asus-vivobook-go-15-intel-celeron-dual-core-n4500-8-gb-512-gb-ssd-windows-11-home-e510ka-ej9011ws-thin-light-laptop/p/itm1826f3fec8f97?pid=COMH9499YSMWDGTM&lid=LSTCOMH9499YSMWDGTMRKQCTG&marketplace=FLIPKART&q=laptops&store=6bo%2Fb5g&srno=s_4_76&otracker=search&otracker1=search&fm=Search&iid=e0b07476-6d23-46b4-9e0e-9ad7740b82c0.COMH9499YSMWDGTM.SEARCH&ppt=sp&ppn=sp&ssid=ydokzt7jfk0000001761554138877&qH=c06ea84a1e3dc3c6
ASUS Expertbook P5 full metal AI PC Intel Core Ultra 5 226V - (16 GB/1 TB SSD/Windows 11 Home) P5405CS...,"₹94,990",https://rukminim2.flixcart.com/image/312/312/xif0q/computer/f/3/y/-original-imahgy8hy4eesz5f.jpeg?q=70,https://www.flipkart.com/asus-expertbook-p5-full-metal-ai-pc-intel-core-ultra-5-226v-16-gb-1-tb-ssd-windows-11-home-p5405csa-nz0583ws-thin-light-laptop/p/itma1ac02151fd7c?pid=COMH9C7XDX5XMQNA&lid=LSTCOMH9C7XDX5XMQNARDBRSO&marketplace=FLIPKART&q=laptops&store=6bo%2Fb5g&srno=s_4_77&otracker=search&otracker1=search&fm=Search&iid=en_jhQmTYvV2A0MOGQVVrU5kea80MzmbBGu2P0KpDvQ4RieFwT4HZWUTPm0kc6e473EYvrPYxkVTlC2huaZPhhxlvUFjCTyOHoHZs-Z5_PS_w0%3D&ppt=sp&ppn=sp&ssid=ydokzt7jfk0000001761554138877&qH=c06ea84a1e3dc3c6
Infinix B15 Series AMD Ryzen 7 Octa Core 5825U - (8 GB/512 GB SSD/Windows 11 Home) BL51A5 Thin and Lig...,"₹32,990",https://rukminim2.flixcart.com/image/312/312/xif0q/computer/9/e/p/-original-imahfcrjnkthtatj.jpeg?q=70,https://www.flipkart.com/infinix-b15-series-amd-ryzen-7-octa-core-5825u-8-gb-512-gb-ssd-windows-11-home-bl51a5-thin-light-laptop/p/itm3fa3354f9dc3e?pid=COMHESUZV2SJKAAT&lid=LSTCOMHESUZV2SJKAATWH2POL&marketplace=FLIPKART&q=laptops&store=6bo%2Fb5g&srno=s_4_78&otracker=search&otracker1=search&fm=Search&iid=en_jhQmTYvV2A0MOGQVVrU5kea80MzmbBGu2P0KpDvQ4RjKrUE4L7XtDYTPfUUyM_o4WUnYIFcHO6yE3YT_WDNSbfUFjCTyOHoHZs-Z5_PS_w0%3D&ppt=sp&ppn=sp&ssid=ydokzt7jfk0000001761554138877&qH=c06ea84a1e3dc3c6
Acer Aspire Lite Intel Core i5 12th Gen 12450H - (16 GB/1 TB SSD/Windows 11 Home) AL15-52H Thin and Li...,"₹49,990",https://rukminim2.flixcart.com/image/312/312/xif0q/computer/a/a/o/-original-imah7tknwg7brmfv.jpeg?q=70,https://www.flipkart.com/acer-aspire-lite-intel-core-i5-12th-gen-12450h-16-gb-1-tb-ssd-windows-11-home-al15-52h-thin-light-laptop/p/itmc262e2fa338ce?pid=COMH883AGRXJD8SB&lid=LSTCOMH883AGRXJD8SBYSNBXS&marketplace=FLIPKART&q=laptops&store=6bo%2Fb5g&srno=s_4_79&otracker=search&otracker1=search&fm=Search&iid=e0b07476-6d23-46b4-9e0e-9ad7740b82c0.COMH883AGRXJD8SB.SEARCH&ppt=sp&ppn=sp&ssid=ydokzt7jfk0000001761554138877&qH=c06ea84a1e3dc3c6
"Acer Aspire 14 with Backlit Keyboard, Intel Core i5 13th Gen 13500H - (16 GB/512 GB SSD/Windows 11 Hom...","₹51,990",https://rukminim2.flixcart.com/image/312/312/xif0q/computer/k/i/d/-original-imahgfdfs7cvjxkg.jpeg?q=70,https://www.flipkart.com/acer-aspire-14-backlit-keyboard-intel-core-i5-13th-gen-13500h-16-gb-512-gb-ssd-windows-11-home-as14h-53-thin-light-laptop/p/itm6d9e21bde5a56?pid=COMHEWCQJGXCFPP4&lid=LSTCOMHEWCQJGXCFPP4YYLORL&marketplace=FLIPKART&q=laptops&store=6bo%2Fb5g&srno=s_4_80&otracker=search&otracker1=search&fm=Search&iid=e0b07476-6d23-46b4-9e0e-9ad7740b82c0.COMHEWCQJGXCFPP4.SEARCH&ppt=sp&ppn=sp&ssid=ydokzt7jfk0000001761554138877&qH=c06ea84a1e3dc3c6
Infinix Inbook Y2 Plus Intel Core i7 11th Gen 1195G7 - (16 GB/512 GB SSD/Windows 11 Home) XL29 Thin an...,"₹45,490",https://rukminim2.flixcart.com/image/312/312/xif0q/computer/5/7/o/-original-imagw4gqwjvm6ds6.jpeg?q=70,https://www.flipkart.com/infinix-inbook-y2-plus-intel-core-i7-11th-gen-1195g7-16-gb-512-gb-ssd-windows-11-home-xl29-thin-light-laptop/p/itmcf13c7e0b0c78?pid=COMGVJ7HHGHFNMGN&lid=LSTCOMGVJ7HHGHFNMGNCYA3SM&marketplace=FLIPKART&q=laptops&store=6bo%2Fb5g&srno=s_4_81&otracker=search&otracker1=search&fm=Search&iid=en_jhQmTYvV2A0MOGQVVrU5kea80MzmbBGu2P0KpDvQ4RhO51sdT3Idd_eLNy0Zo_3husAHvWBiSHaDkE7gG3afDPUFjCTyOHoHZs-Z5_PS_w0%3D&ppt=sp&ppn=sp&ssid=ydokzt7jfk0000001761554138877&qH=c06ea84a1e3dc3c6
"ASUS Vivobook 14 Flip OLED (2025) with Touch Screen, Backlit Keyboard, Intel Core Ultra 5 226V - (16 G...","₹93,990",https://rukminim2.flixcart.com/image/312/312/xif0q/computer/o/z/t/-original-imahefyff86qyfeu.jpeg?q=70,https://www.flipkart.com/asus-vivobook-14-flip-oled-2025-touch-screen-backlit-keyboard-intel-core-ultra-5-226v-16-gb-512-gb-ssd-windows-11-home-tp3407sa-ql024ws-2-1-laptop/p/itm7f344f86d1b13?pid=COMH89EBRZGZABHF&lid=LSTCOMH89EBRZGZABHFWPTISJ&marketplace=FLIPKART&q=laptops&store=6bo%2Fb5g&srno=s_4_82&otracker=search&otracker1=search&fm=Search&iid=en_jhQmTYvV2A0MOGQVVrU5kea80MzmbBGu2P0KpDvQ4RhhYUk4LiImxyc5cQozTYfBEbIIHIYO1HnWcgwxqOkDffUFjCTyOHoHZs-Z5_PS_w0%3D&ppt=sp&ppn=sp&ssid=ydokzt7jfk0000001761554138877&qH=c06ea84a1e3dc3c6
ASUS Vivobook Go 15 AMD Ryzen 3 Quad Core 7320U - (8 GB/512 GB SSD/Windows 11 Home) E1504FA-NJ131WS | ...,"₹31,990",https://rukminim2.flixcart.com/image/312/312/xif0q/computer/1/k/f/-original-imahgfdfp6a6ubma.jpeg?q=70,https://www.flipkart.com/asus-vivobook-go-15-amd-ryzen-3-quad-core-7320u-8-gb-512-gb-ssd-windows-11-home-e1504fa-nj131ws-e1504fa-bq2321ws-thin-light-laptop/p/itm459fb45576278?pid=COMH94998FGG8FHG&lid=LSTCOMH94998FGG8FHGURVZSF&marketplace=FLIPKART&q=laptops&store=6bo%2Fb5g&srno=s_4_83&otracker=search&otracker1=search&fm=Search&iid=e0b07476-6d23-46b4-9e0e-9ad7740b82c0.COMH94998FGG8FHG.SEARCH&ppt=sp&ppn=sp&ssid=ydokzt7jfk0000001761554138877&qH=c06ea84a1e3dc3c6
Acer Aspire Intel Core i5 12th Gen 12450H - (16 GB/512 GB SSD/Windows 11 Home) AL15-52H Thin and Light...,"₹43,838",https://rukminim2.flixcart.com/image/312/312/xif0q/computer/a/a/o/-original-imah7tknwg7brmfv.jpeg?q=70,https://www.flipkart.com/acer-aspire-intel-core-i5-12th-gen-12450h-16-gb-512-gb-ssd-windows-11-home-al15-52h-thin-light-laptop/p/itmc262e2fa338ce?pid=COMH59E4SZYVDQUU&lid=LSTCOMH59E4SZYVDQUUGVS4DH&marketplace=FLIPKART&q=laptops&store=6bo%2Fb5g&srno=s_4_84&otracker=search&otracker1=search&fm=Search&iid=e0b07476-6d23-46b4-9e0e-9ad7740b82c0.COMH59E4SZYVDQUU.SEARCH&ppt=sp&ppn=sp&ssid=ydokzt7jfk0000001761554138877&qH=c06ea84a1e3dc3c6
Acer Aspire 3 (2025) Intel Core i5 13th Gen 1334U - (16 GB/512 GB SSD/Windows 11 Home) Aspire 3 A325-5...,"₹41,850",https://rukminim2.flixcart.com/image/312/312/xif0q/computer/o/p/f/a325-53-thin-and-light-laptop-acer-original-imahf4p3s4hsvhxz.jpeg?q=70,https://www.flipkart.com/acer-aspire-3-2025-intel-core-i5-13th-gen-1334u-16-gb-512-gb-ssd-windows-11-home-a325-53-thin-light-laptop/p/itm3bdf32931e850?pid=COMHF4P3RSGHA46N&lid=LSTCOMHF4P3RSGHA46N6U2LQC&marketplace=FLIPKART&q=laptops&store=6bo%2Fb5g&srno=s_4_85&otracker=search&otracker1=search&fm=Search&iid=e0b07476-6d23-46b4-9e0e-9ad7740b82c0.COMHF4P3RSGHA46N.SEARCH&ppt=sp&ppn=sp&ssid=ydokzt7jfk0000001761554138877&qH=c06ea84a1e3dc3c6
Acer Swift Neo OLED AI PC Intel Core Ultra 5 115U - (16 GB/1 TB SSD/Windows 11 Home) UN.35GSI.007 Thin...,"₹64,990",https://rukminim2.flixcart.com/image/312/312/xif0q/computer/k/k/z/-original-imahgx8wywabhpcy.jpeg?q=70,https://www.flipkart.com/acer-swift-neo-oled-ai-pc-intel-core-ultra-5-115u-16-gb-1-tb-ssd-windows-11-home-un-35gsi-007-thin-light-laptop/p/itm9e55de1a60bc0?pid=COMHDF2C8MV4EURQ&lid=LSTCOMHDF2C8MV4EURQIF3X07&marketplace=FLIPKART&q=laptops&store=6bo%2Fb5g&srno=s_4_86&otracker=search&otracker1=search&fm=Search&iid=e0b07476-6d23-46b4-9e0e-9ad7740b82c0.COMHDF2C8MV4EURQ.SEARCH&ppt=sp&ppn=sp&ssid=ydokzt7jfk0000001761554138877&qH=c06ea84a1e3dc3c6
ASUS TUF Gaming A16 (2025) AMD Ryzen 7 Hexa Core 7445HS - (16 GB/1 TB SSD/Windows 11 Home/6 GB Graphic...,"₹99,990",https://rukminim2.flixcart.com/image/312/312/xif0q/computer/4/t/w/-original-imahgf67zen2t4wn.jpeg?q=70,https://www.flipkart.com/asus-tuf-gaming-a16-2025-amd-ryzen-7-hexa-core-7445hs-16-gb-1-tb-ssd-windows-11-home-6-gb-graphics-nvidia-geforce-rtx-4050-144-hz-fa607nug-rl189ws-laptop/p/itmef1df61b648a5?pid=COMHEDHRJYPP8TWD&lid=LSTCOMHEDHRJYPP8TWDEPICGW&marketplace=FLIPKART&q=laptops&store=6bo%2Fb5g&srno=s_4_87&otracker=search&otracker1=search&fm=Search&iid=en_jhQmTYvV2A0MOGQVVrU5kea80MzmbBGu2P0KpDvQ4RiLNOVILZsim6I_AkBxRsmJx47zCI6y5ijBtrAbdkpQ-PUFjCTyOHoHZs-Z5_PS_w0%3D&ppt=sp&ppn=sp&ssid=ydokzt7jfk0000001761554138877&qH=c06ea84a1e3dc3c6
ASUS TUF Gaming F16 (2025) with Office 2024 + M365 Basic* Intel Core i5 13th Gen 13450HX - (16 GB/1 TB...,"₹1,19,990",https://rukminim2.flixcart.com/image/312/312/xif0q/computer/i/f/s/-original-imahgfdffz6ehhqf.jpeg?q=70,https://www.flipkart.com/asus-tuf-gaming-f16-2025-office-2024-m365-basic-intel-core-i5-13th-gen-13450hx-16-gb-1-tb-ssd-windows-11-home-8-gb-graphics-nvidia-geforce-rtx-5050-165-hz-fx608jh-rv057ws-laptop/p/itm44eb1a88aa0d3?pid=COMHCQ4KVFK5BHYU&lid=LSTCOMHCQ4KVFK5BHYUYN9C7V&marketplace=FLIPKART&q=laptops&store=6bo%2Fb5g&srno=s_4_88&otracker=search&otracker1=search&fm=Search&iid=en_jhQmTYvV2A0MOGQVVrU5kea80MzmbBGu2P0KpDvQ4RgE77-qTQrsEtuVc0tNenzIserjp4Bi9JkgFubZWN7KPPUFjCTyOHoHZs-Z5_PS_w0%3D&ppt=sp&ppn=sp&ssid=ydokzt7jfk0000001761554138877&qH=c06ea84a1e3dc3c6
"ASUS Vivobook 15 (2025) with Office 2024 + M365 Basic*, Backlit Keyboard, Intel Core i3 13th Gen 1315U...","₹38,990",https://rukminim2.flixcart.com/image/312/312/xif0q/computer/k/u/e/-original-imahcd8gzqjnp2vv.jpeg?q=70,https://www.flipkart.com/asus-vivobook-15-2025-office-2024-m365-basic-backlit-keyboard-intel-core-i3-13th-gen-1315u-16-gb-512-gb-ssd-windows-11-home-x1504va-nj2324ws-thin-light-laptop/p/itmf40dd3e4553f6?pid=COMH9SJ95TXH5PYE&lid=LSTCOMH9SJ95TXH5PYEG6PLFV&marketplace=FLIPKART&q=laptops&store=6bo%2Fb5g&srno=s_4_89&otracker=search&otracker1=search&fm=Search&iid=e0b07476-6d23-46b4-9e0e-9ad7740b82c0.COMH9SJ95TXH5PYE.SEARCH&ppt=sp&ppn=sp&ssid=ydokzt7jfk0000001761554138877&qH=c06ea84a1e3dc3c6
Lenovo Yoga Pro 7 3K OLED AI PC Full Metal Body Intel Core Ultra 9 285H - (32 GB/1 TB SSD/Windows 11 H...,"₹1,29,990",https://rukminim2.flixcart.com/image/312/312/xif0q/computer/n/5/l/-original-imahfkh37sg7gqw7.jpeg?q=70,https://www.flipkart.com/lenovo-yoga-pro-7-3k-oled-ai-pc-full-metal-body-intel-core-ultra-9-285h-32-gb-1-tb-ssd-windows-11-home-14iah10-thin-light-laptop/p/itm52e2485daf6fd?pid=COMHCRZZW7G7GCCH&lid=LSTCOMHCRZZW7G7GCCHGQNKDL&marketplace=FLIPKART&q=laptops&store=6bo%2Fb5g&srno=s_4_90&otracker=search&otracker1=search&fm=Search&iid=e0b07476-6d23-46b4-9e0e-9ad7740b82c0.COMHCRZZW7G7GCCH.SEARCH&ppt=sp&ppn=sp&ssid=ydokzt7jfk0000001761554138877&qH=c06ea84a1e3dc3c6
"ASUS Vivobook 14 (2025) with Office 2024 + M365 Basic*, Intel Core i3 13th Gen 1315U - (8 GB/512 GB SS...","₹39,990",https://rukminim2.flixcart.com/image/312/312/xif0q/computer/2/m/o/-original-imahfmzz5qkfce6d.jpeg?q=70,https://www.flipkart.com/asus-vivobook-14-2025-office-2024-m365-basic-intel-core-i3-13th-gen-1315u-8-gb-512-gb-ssd-windows-11-home-x1404va-eb323ws-thin-light-laptop/p/itm4ec733dfcd801?pid=COMHEZZTYEAC6VEM&lid=LSTCOMHEZZTYEAC6VEMD00KXC&marketplace=FLIPKART&q=laptops&store=6bo%2Fb5g&srno=s_4_91&otracker=search&otracker1=search&fm=Search&iid=en_jhQmTYvV2A0MOGQVVrU5kea80MzmbBGu2P0KpDvQ4Ri8E8i7xmy8UnI8Ia8OZz0XJTrjCAVMIBu8q6NolsqDEvUFjCTyOHoHZs-Z5_PS_w0%3D&ppt=sp&ppn=sp&ssid=ydokzt7jfk0000001761554138877&qH=c06ea84a1e3dc3c6
Infinix ZERO BOOK ULTRA Series Laptop Intel Intel Core i9 12th Gen 12900H - (16 GB/512 GB SSD/Windows ...,"₹89,990",https://rukminim2.flixcart.com/image/312/312/xif0q/computer/k/n/q/-original-imahcd9mbhkepkar.jpeg?q=70,https://www.flipkart.com/infinix-zero-book-ultra-series-laptop-intel-core-i9-12th-gen-12900h-16-gb-512-gb-ssd-windows-11-home-zl12-business/p/itmad7e026e8b8c5?pid=COMGMFK7B6FTNA4X&lid=LSTCOMGMFK7B6FTNA4XRZ631X&marketplace=FLIPKART&q=laptops&store=6bo%2Fb5g&srno=s_4_92&otracker=search&otracker1=search&fm=Search&iid=en_jhQmTYvV2A0MOGQVVrU5kea80MzmbBGu2P0KpDvQ4RguYBBDgpSt8T8BNg9ssYSXSeeQP15H0_peq757IMpU9fUFjCTyOHoHZs-Z5_PS_w0%3D&ppt=sp&ppn=sp&ssid=ydokzt7jfk0000001761554138877&qH=c06ea84a1e3dc3c6
MSI Thin A15 AMD Ryzen 7 Octa Core 7735HS - (16 GB/1 TB SSD/Windows 11 Home/4 GB Graphics/NVIDIA GeFor...,"₹58,990",https://rukminim2.flixcart.com/image/312/312/xif0q/computer/a/s/e/-original-imahgfdfeyhnycaj.jpeg?q=70,https://www.flipkart.com/msi-thin-a15-amd-ryzen-7-octa-core-7735hs-16-gb-1-tb-ssd-windows-11-home-4-gb-graphics-nvidia-geforce-rtx-3050-144-hz-b7uc-103in-gaming-laptop/p/itm8a4195d78d2e8?pid=COMHCRGWHZGFFNEU&lid=LSTCOMHCRGWHZGFFNEU101SS9&marketplace=FLIPKART&q=laptops&store=6bo%2Fb5g&srno=s_4_93&otracker=search&otracker1=search&fm=Search&iid=e0b07476-6d23-46b4-9e0e-9ad7740b82c0.COMHCRGWHZGFFNEU.SEARCH&ppt=sp&ppn=sp&ssid=ydokzt7jfk0000001761554138877&qH=c06ea84a1e3dc3c6
HP 15 (2024) AMD Ryzen 3 Quad Core 7320U - (8 GB/512 GB SSD/Windows 11 Home) 15-fc0500AU / 15-fc0154AU...,"₹30,990",https://rukminim2.flixcart.com/image/312/312/xif0q/computer/p/n/k/15-fc0154au-thin-and-light-laptop-hp-original-imahdhhpmjvyrhat.jpeg?q=70,https://www.flipkart.com/hp-15-2024-amd-ryzen-3-quad-core-7320u-8-gb-512-gb-ssd-windows-11-home-15-fc0500au-15-fc0154au-thin-light-laptop/p/itm341b4714ead99?pid=COMH56DFUBTUMXRH&lid=LSTCOMH56DFUBTUMXRHUIRDZB&marketplace=FLIPKART&q=laptops&store=6bo%2Fb5g&srno=s_4_94&otracker=search&otracker1=search&fm=Search&iid=e0b07476-6d23-46b4-9e0e-9ad7740b82c0.COMH56DFUBTUMXRH.SEARCH&ppt=sp&ppn=sp&ssid=ydokzt7jfk0000001761554138877&qH=c06ea84a1e3dc3c6
HP (2024) Intel Core i3 12th Gen 1215U - (8 GB/512 GB SSD/Windows 11 Home) 15-fd0061TU Thin and Light ...,"₹31,990",https://rukminim2.flixcart.com/image/312/312/xif0q/computer/x/j/9/-original-imahbgw5pwf7f2gy.jpeg?q=70,https://www.flipkart.com/hp-2024-intel-core-i3-12th-gen-1215u-8-gb-512-gb-ssd-windows-11-home-15-fd0061tu-thin-light-laptop/p/itmae9a067923020?pid=COMH6AHAGBDZW429&lid=LSTCOMH6AHAGBDZW429RUFX9C&marketplace=FLIPKART&q=laptops&store=6bo%2Fb5g&srno=s_4_95&otracker=search&otracker1=search&fm=Search&iid=e0b07476-6d23-46b4-9e0e-9ad7740b82c0.COMH6AHAGBDZW429.SEARCH&ppt=sp&ppn=sp&ssid=ydokzt7jfk0000001761554138877&qH=c06ea84a1e3dc3c6
Acer Aspire Lite AMD Ryzen 3 Quad Core 5300U - (8 GB/512 GB SSD/Windows 11 Home) AL15-41 Thin and Ligh...,"₹26,990",https://rukminim2.flixcart.com/image/312/312/xif0q/computer/b/k/d/-original-imahb2kbf2zdan3z.jpeg?q=70,https://www.flipkart.com/acer-aspire-lite-amd-ryzen-3-quad-core-5300u-8-gb-512-gb-ssd-windows-11-home-al15-41-thin-light-laptop/p/itm1bc0bcb4598e7?pid=COMH2TPSM9V7V38F&lid=LSTCOMH2TPSM9V7V38FSHVTIX&marketplace=FLIPKART&q=laptops&store=6bo%2Fb5g&srno=s_4_96&otracker=search&otracker1=search&fm=Search&iid=e0b07476-6d23-46b4-9e0e-9ad7740b82c0.COMH2TPSM9V7V38F.SEARCH&ppt=sp&ppn=sp&ssid=ydokzt7jfk0000001761554138877&qH=c06ea84a1e3dc3c6
"ASUS Vivobook 15 (2025)(i5 14th Gen)with MSO 2024 + M365 Basic, Backlit Keyboard, Intel Core 5 120U - ...","₹58,990",https://rukminim2.flixcart.com/image/312/312/xif0q/computer/y/y/i/-original-imahfnyvfz7zdkh8.jpeg?q=70,https://www.flipkart.com/asus-vivobook-15-2025-i5-14th-gen-with-mso-2024-m365-basic-backlit-keyboard-intel-core-5-120u-16-gb-512-gb-ssd-windows-11-home-x1504vap-bq543ws-thin-light-laptop/p/itmf2db819e1b048?pid=COMHEZZTXFYMTKUF&lid=LSTCOMHEZZTXFYMTKUFUNOOJC&marketplace=FLIPKART&q=laptops&store=6bo%2Fb5g&srno=s_5_97&otracker=search&otracker1=search&fm=Search&iid=en_31Zz30hXyYoBvJW4X2eSpvnOE8FE08c04sIaVh6hh3li4KTwal8K_BvBz9maRo4jcY830y_LjiPWfk3qmzdeIPUFjCTyOHoHZs-Z5_PS_w0%3D&ppt=sp&ppn=sp&ssid=ydokzt7jfk0000001761554138877&qH=c06ea84a1e3dc3c6
Lenovo IdeaPad Slim 5 WUXGA OLED Copilot+PC Full Metal Body AMD Ryzen AI 7 Octa Core AI 7 350 - (24 GB...,"₹86,990",https://rukminim2.flixcart.com/image/312/312/xif0q/computer/z/b/6/-original-imahfkh3ezughhh4.jpeg?q=70,https://www.flipkart.com/lenovo-ideapad-slim-5-wuxga-oled-copilot-pc-full-metal-body-amd-ryzen-ai-7-octa-core-350-24-gb-1-tb-ssd-windows-11-home-14akp10-thin-light-laptop/p/itm078f4ceaf6192?pid=COMHBFFKZE2ND7PV&lid=LSTCOMHBFFKZE2ND7PVQSFE7T&marketplace=FLIPKART&q=laptops&store=6bo%2Fb5g&srno=s_5_98&otracker=search&otracker1=search&fm=Search&iid=en_31Zz30hXyYoBvJW4X2eSpvnOE8FE08c04sIaVh6hh3lpo9e33ICGKqHSQmYYXlX_lprweSrDA1D2BMiYno_oHPUFjCTyOHoHZs-Z5_PS_w0%3D&ppt=sp&ppn=sp&ssid=ydokzt7jfk0000001761554138877&qH=c06ea84a1e3dc3c6
Acer Nitro V AMD Ryzen 5 Hexa Core 6600H - (16 GB/512 GB SSD/Windows 11 Home/6 GB Graphics/NVIDIA GeFo...,"₹57,990",https://rukminim2.flixcart.com/image/312/312/xif0q/computer/s/l/3/-original-imahgfdyghgfets8.jpeg?q=70,https://www.flipkart.com/acer-nitro-v-amd-ryzen-5-hexa-core-6600h-16-gb-512-gb-ssd-windows-11-home-6-graphics-nvidia-geforce-rtx-3050-anv15-41-r8g0-gaming-laptop/p/itm33a9aedda362e?pid=COMH6C5AMHNHHRUF&lid=LSTCOMH6C5AMHNHHRUFLZBM42&marketplace=FLIPKART&q=laptops&store=6bo%2Fb5g&srno=s_5_99&otracker=search&otracker1=search&fm=Search&iid=b63d3bd8-ebd9-4fa4-b5cb-a2352e16dc73.COMH6C5AMHNHHRUF.SEARCH&ppt=sp&ppn=sp&ssid=ydokzt7jfk0000001761554138877&qH=c06ea84a1e3dc3c6
Acer Aspire Lite AMD Ryzen 5 Hexa Core 5625U - (16 GB/1 TB SSD/Windows 11 Home) AL15-41 Thin and Light...,"₹37,990",https://rukminim2.flixcart.com/image/312/312/xif0q/computer/b/k/d/-original-imahb2kbf2zdan3z.jpeg?q=70,https://www.flipkart.com/acer-aspire-lite-amd-ryzen-5-hexa-core-5625u-16-gb-1-tb-ssd-windows-11-home-al15-41-thin-light-laptop/p/itme358d33c215ef?pid=COMGU2D9ZAXCAHBU&lid=LSTCOMGU2D9ZAXCAHBU9NMK1M&marketplace=FLIPKART&q=laptops&store=6bo%2Fb5g&srno=s_5_100&otracker=search&otracker1=search&fm=Search&iid=b63d3bd8-ebd9-4fa4-b5cb-a2352e16dc73.COMGU2D9ZAXCAHBU.SEARCH&ppt=sp&ppn=sp&ssid=ydokzt7jfk0000001761554138877&qH=c06ea84a1e3dc3c6
HP Victus Intel Core i5 14th Gen 14450HX - (24 GB/512 GB SSD/Windows 11 Home/6 GB Graphics/NVIDIA GeFo...,"₹84,989",https://rukminim2.flixcart.com/image/312/312/xif0q/computer/z/5/l/-original-imahgfdfnfev2bzr.jpeg?q=70,https://www.flipkart.com/hp-victus-intel-core-i5-14th-gen-14450hx-24-gb-512-gb-ssd-windows-11-home-6-graphics-nvidia-geforce-rtx-4050-15-fa2382tx-gaming-laptop/p/itm0c192bc70f78a?pid=COMHDHGHR2PMJYHT&lid=LSTCOMHDHGHR2PMJYHT4NZQNU&marketplace=FLIPKART&q=laptops&store=6bo%2Fb5g&srno=s_5_101&otracker=search&otracker1=search&fm=Search&iid=en_31Zz30hXyYoBvJW4X2eSpvnOE8FE08c04sIaVh6hh3l9-ouG3LMj4_JrlU2BAM5n3lOIdzdKDopyti_rBipztQ%3D%3D&ppt=sp&ppn=sp&ssid=ydokzt7jfk0000001761554138877&qH=c06ea84a1e3dc3c6
HP HP OmniBook 7 Aero (Previously Pavilion Aero) AMD Ryzen AI 7 Octa Core AI 7 350 - (16 GB/512 GB SSD...,"₹89,990",https://rukminim2.flixcart.com/image/312/312/xif0q/computer/n/v/u/-original-imahgfdfzzrdbvyc.jpeg?q=70,https://www.flipkart.com/hp-omnibook-7-aero-previously-pavilion-aero-amd-ryzen-ai-octa-core-350-16-gb-512-gb-ssd-windows-11-home-13-bg1456au-thin-light-laptop/p/itm0e77f01f6fad1?pid=COMHA9GUWFFBZZFG&lid=LSTCOMHA9GUWFFBZZFGOTKFOZ&marketplace=FLIPKART&q=laptops&store=6bo%2Fb5g&srno=s_5_102&otracker=search&otracker1=search&fm=Search&iid=en_31Zz30hXyYoBvJW4X2eSpvnOE8FE08c04sIaVh6hh3lzXnSBf46HsaHge9DbrHdT22Zi0SqQsf9jcvRQ0CfGpfUFjCTyOHoHZs-Z5_PS_w0%3D&ppt=sp&ppn=sp&ssid=ydokzt7jfk0000001761554138877&qH=c06ea84a1e3dc3c6
Acer Aspire Lite Intel Core i7 13th Gen 13620H - (16 GB/512 GB SSD/Windows 11 Home) AL15-52H Thin and ...,"₹57,990",https://rukminim2.flixcart.com/image/312/312/xif0q/computer/0/6/b/al15-52h-thin-and-light-laptop-acer-original-imahduacyhfvb8m8.jpeg?q=70,https://www.flipkart.com/acer-aspire-lite-intel-core-i7-13th-gen-13620h-16-gb-512-gb-ssd-windows-11-home-al15-52h-thin-light-laptop/p/itmca7fe5d3a4b0e?pid=COMHDTEFTKBNYNYE&lid=LSTCOMHDTEFTKBNYNYEYM2D4F&marketplace=FLIPKART&q=laptops&store=6bo%2Fb5g&srno=s_5_103&otracker=search&otracker1=search&fm=Search&iid=b63d3bd8-ebd9-4fa4-b5cb-a2352e16dc73.COMHDTEFTKBNYNYE.SEARCH&ppt=sp&ppn=sp&ssid=ydokzt7jfk0000001761554138877&qH=c06ea84a1e3dc3c6
"ASUS Vivobook Go 15 (2025) with Office 2024 + M365 Basic*, Backlit Keyboard, Intel Celeron Dual Core N...","₹28,990",https://rukminim2.flixcart.com/image/312/312/xif0q/computer/i/n/w/-original-imagqs9vc7ecv4vj.jpeg?q=70,https://www.flipkart.com/asus-vivobook-go-15-2025-office-2024-m365-basic-backlit-keyboard-intel-celeron-dual-core-n4500-8-gb-512-gb-ssd-windows-11-home-e510kab-br1125ws-thin-light-laptop/p/itmca96f54611f52?pid=COMHDG7CDFDKKYES&lid=LSTCOMHDG7CDFDKKYESHPP936&marketplace=FLIPKART&q=laptops&store=6bo%2Fb5g&srno=s_5_104&otracker=search&otracker1=search&fm=Search&iid=b63d3bd8-ebd9-4fa4-b5cb-a2352e16dc73.COMHDG7CDFDKKYES.SEARCH&ppt=sp&ppn=sp&ssid=ydokzt7jfk0000001761554138877&qH=c06ea84a1e3dc3c6
Lenovo Chromebook MediaTek Kompanio 520 - (8 GB/128 GB EMMC Storage/Chrome OS) 14M868 Thin and Light L...,"₹23,650",https://rukminim2.flixcart.com/image/312/312/xif0q/computer/k/3/v/-original-imahgfdfysyznaan.jpeg?q=70,https://www.flipkart.com/lenovo-chromebook-mediatek-kompanio-520-8-gb-128-gb-emmc-storage-chrome-os-14m868-thin-light-laptop/p/itm4dc67999fe3de?pid=COMGTR89FPA5ZWVC&lid=LSTCOMGTR89FPA5ZWVCQYXZ35&marketplace=FLIPKART&q=laptops&store=6bo%2Fb5g&srno=s_5_106&otracker=search&otracker1=search&fm=Search&iid=b63d3bd8-ebd9-4fa4-b5cb-a2352e16dc73.COMGTR89FPA5ZWVC.SEARCH&ppt=sp&ppn=sp&ssid=ydokzt7jfk0000001761554138877&qH=c06ea84a1e3dc3c6
Infinix Y4 Max Series Intel Core i3 13th Gen 1315U - (16 GB/512 GB SSD/Windows 11 Home) YL613 Thin and...,"₹39,990",https://rukminim2.flixcart.com/image/312/312/xif0q/computer/w/i/u/-original-imahcd9mqsw6rebt.jpeg?q=70,https://www.flipkart.com/infinix-y4-max-series-intel-core-i3-13th-gen-1315u-16-gb-512-gb-ssd-windows-11-home-yl613-thin-light-laptop/p/itmf0f9170b3ca9f?pid=COMGWWDH9WGCHHEG&lid=LSTCOMGWWDH9WGCHHEGAO3TIN&marketplace=FLIPKART&q=laptops&store=6bo%2Fb5g&srno=s_5_107&otracker=search&otracker1=search&fm=Search&iid=en_31Zz30hXyYoBvJW4X2eSpvnOE8FE08c04sIaVh6hh3knjiWdZqSUrlMDQ0pOktIIG9nyFVW24lRhQWSb9nMCC_UFjCTyOHoHZs-Z5_PS_w0%3D&ppt=sp&ppn=sp&ssid=ydokzt7jfk0000001761554138877&qH=c06ea84a1e3dc3c6
MSI Venture A16 AI+ AMD Ryzen AI 7 Octa Core 350 - (16 GB/1 TB SSD/Windows 11 Home) Venture A16 AI+ A3...,"₹89,990",https://rukminim2.flixcart.com/image/312/312/xif0q/computer/l/r/d/-original-imahdabchj7fbtnp.jpeg?q=70,https://www.flipkart.com/msi-venture-a16-ai-amd-ryzen-ai-7-octa-core-350-16-gb-1-tb-ssd-windows-11-home-a3hmg-022in-laptop/p/itm468d634ace473?pid=COMH9DHFFQHCZEWT&lid=LSTCOMH9DHFFQHCZEWTC4QUZJ&marketplace=FLIPKART&q=laptops&store=6bo%2Fb5g&srno=s_5_108&otracker=search&otracker1=search&fm=Search&iid=en_31Zz30hXyYoBvJW4X2eSpvnOE8FE08c04sIaVh6hh3mcAl_LktO1b990_K7j4ZZQxbGT70r0dJQwBm2ASs_rZ_UFjCTyOHoHZs-Z5_PS_w0%3D&ppt=sp&ppn=sp&ssid=ydokzt7jfk0000001761554138877&qH=c06ea84a1e3dc3c6
Acer Aspire 15 AMD Ryzen 5 Hexa Core 7430U - (8 GB/512 GB SSD/Windows 11 Home) A325-42 Thin and Light ...,"₹36,199",https://rukminim2.flixcart.com/image/312/312/xif0q/computer/t/b/y/-original-imahgfdyhuawzshs.jpeg?q=70,https://www.flipkart.com/acer-aspire-15-amd-ryzen-5-hexa-core-7430u-8-gb-512-gb-ssd-windows-11-home-a325-42-thin-light-laptop/p/itmdaf15e01a1d1a?pid=COMH397XVTZNMYGX&lid=LSTCOMH397XVTZNMYGXBOIQ1M&marketplace=FLIPKART&q=laptops&store=6bo%2Fb5g&srno=s_5_109&otracker=search&otracker1=search&fm=Search&iid=b63d3bd8-ebd9-4fa4-b5cb-a2352e16dc73.COMH397XVTZNMYGX.SEARCH&ppt=sp&ppn=sp&ssid=ydokzt7jfk0000001761554138877&qH=c06ea84a1e3dc3c6
HP 15R (2025) Intel Core i3 13th Gen 1315U - (8 GB/512 GB SSD/Windows 11 Pro) 15R G9 Thin and Light La...,"₹33,899",https://rukminim2.flixcart.com/image/312/312/xif0q/computer/3/s/2/15r-g9-thin-and-light-laptop-hp-original-imah8zwjtgxdtbxw.jpeg?q=70,https://www.flipkart.com/hp-15r-2025-intel-core-i3-13th-gen-1315u-8-gb-512-gb-ssd-windows-11-pro-g9-thin-light-laptop/p/itmff5abac6385ed?pid=COMH8PDNRYZH6QHW&lid=LSTCOMH8PDNRYZH6QHWIPSRVW&marketplace=FLIPKART&q=laptops&store=6bo%2Fb5g&srno=s_5_110&otracker=search&otracker1=search&fm=Search&iid=b63d3bd8-ebd9-4fa4-b5cb-a2352e16dc73.COMH8PDNRYZH6QHW.SEARCH&ppt=sp&ppn=sp&ssid=ydokzt7jfk0000001761554138877&qH=c06ea84a1e3dc3c6
ASUS ROG Strix G16 (2025) with Office 2024 + M365 Basic* Intel Core Ultra 9 275HX - (32 GB/1 TB SSD/Wi...,"₹2,29,990",https://rukminim2.flixcart.com/image/312/312/xif0q/computer/o/n/w/-original-imahbrwgqwneh8xk.jpeg?q=70,https://www.flipkart.com/asus-rog-strix-g16-2025-office-2024-m365-basic-intel-core-ultra-9-275hx-32-gb-1-tb-ssd-windows-11-home-8-gb-graphics-nvidia-geforce-rtx-5070-240-hz-g615lp-s5022ws-gaming-laptop/p/itmb27d8daded6dd?pid=COMHCQ4KEGAZXE5Z&lid=LSTCOMHCQ4KEGAZXE5ZYQ55SK&marketplace=FLIPKART&q=laptops&store=6bo%2Fb5g&srno=s_5_111&otracker=search&otracker1=search&fm=Search&iid=en_31Zz30hXyYoBvJW4X2eSpvnOE8FE08c04sIaVh6hh3k1V5x4QDOduiAt6kLAntS3Yqe1MRQm6c7uAmHHAafx8PUFjCTyOHoHZs-Z5_PS_w0%3D&ppt=sp&ppn=sp&ssid=ydokzt7jfk0000001761554138877&qH=c06ea84a1e3dc3c6
Lenovo Legion 5 Intel Core i7 13th Gen 13650HX - (24 GB/512 GB SSD/Windows 11 Home/8 GB Graphics/NVIDI...,"₹1,22,990",https://rukminim2.flixcart.com/image/312/312/xif0q/computer/9/d/s/-original-imahgfdfz7v8ksht.jpeg?q=70,https://www.flipkart.com/lenovo-legion-5-intel-core-i7-13th-gen-13650hx-24-gb-512-gb-ssd-windows-11-home-8-graphics-nvidia-geforce-rtx-4060-15irx9-gaming-laptop/p/itm591a1e64b6eb5?pid=COMH44PGRKK8XHWF&lid=LSTCOMH44PGRKK8XHWFRUZTCO&marketplace=FLIPKART&q=laptops&store=6bo%2Fb5g&srno=s_5_112&otracker=search&otracker1=search&fm=Search&iid=en_31Zz30hXyYoBvJW4X2eSpvnOE8FE08c04sIaVh6hh3nPCS9UW2R2D1fEVpk8tjmQxLsZG5rSFT8OzCRKmnyyTQ%3D%3D&ppt=sp&ppn=sp&ssid=ydokzt7jfk0000001761554138877&qH=c06ea84a1e3dc3c6
"ASUS Vivobook 15 (2025) (i5 14th Gen) with MSO 2024 + M365 Basic*, Backlit Keyboard, Intel Core 5 120U...","₹58,990",https://rukminim2.flixcart.com/image/312/312/xif0q/computer/k/k/g/-original-imahgfdfsmh5qxak.jpeg?q=70,https://www.flipkart.com/asus-vivobook-15-2025-i5-14th-gen-mso-2024-m365-basic-backlit-keyboard-intel-core-5-120u-16-gb-512-gb-ssd-windows-11-home-x1504vap-nj2864ws-x1504vap-bq542ws-thin-light-laptop/p/itm7b6f71c3e0b7e?pid=COMHDG7C2U4CAHFC&lid=LSTCOMHDG7C2U4CAHFCOPVPAK&marketplace=FLIPKART&q=laptops&store=6bo%2Fb5g&srno=s_5_113&otracker=search&otracker1=search&fm=Search&iid=b63d3bd8-ebd9-4fa4-b5cb-a2352e16dc73.COMHDG7C2U4CAHFC.SEARCH&ppt=sp&ppn=sp&ssid=ydokzt7jfk0000001761554138877&qH=c06ea84a1e3dc3c6
Acer Aspire 3 Intel Celeron Dual Core N4500 - (8 GB/256 GB SSD/Windows 11 Home) A325-45 Thin and Light...,"₹22,990",https://rukminim2.flixcart.com/image/312/312/xif0q/computer/d/6/p/-original-imah3yhqcgjtxfhw.jpeg?q=70,https://www.flipkart.com/acer-aspire-3-intel-celeron-dual-core-n4500-8-gb-256-gb-ssd-windows-11-home-a325-45-thin-light-laptop/p/itm9ca67a1a3ea22?pid=COMH2TPSHCGYHHH8&lid=LSTCOMH2TPSHCGYHHH8XI6VEI&marketplace=FLIPKART&q=laptops&store=6bo%2Fb5g&srno=s_5_114&otracker=search&otracker1=search&fm=Search&iid=b63d3bd8-ebd9-4fa4-b5cb-a2352e16dc73.COMH2TPSHCGYHHH8.SEARCH&ppt=sp&ppn=sp&ssid=ydokzt7jfk0000001761554138877&qH=c06ea84a1e3dc3c6
MOTOROLA Motobook 60 Full Metal OLED (i5 14th Gen) Intel Core 5 (Series 2) 210H - (16 GB/512 GB SSD/Wi...,"₹56,990",https://rukminim2.flixcart.com/image/312/312/xif0q/computer/s/9/a/-original-imahgfdf4kwhy9v7.jpeg?q=70,https://www.flipkart.com/motorola-motobook-60-full-metal-oled-i5-14th-gen-intel-core-5-series-2-210h-16-gb-512-gb-ssd-windows-11-home-14irh10r-thin-light-laptop/p/itm9a50f9400e0e0?pid=COMHAUZWVNJSFAMN&lid=LSTCOMHAUZWVNJSFAMNCQMECQ&marketplace=FLIPKART&q=laptops&store=6bo%2Fb5g&srno=s_5_115&otracker=search&otracker1=search&fm=Search&iid=b63d3bd8-ebd9-4fa4-b5cb-a2352e16dc73.COMHAUZWVNJSFAMN.SEARCH&ppt=sp&ppn=sp&ssid=ydokzt7jfk0000001761554138877&qH=c06ea84a1e3dc3c6
MSI Modern 14 C13M Intel Core i3 13th Gen 1315U - (8 GB/512 GB SSD/Windows 11 Home) Modern 14 C13M-115...,"₹35,990",https://rukminim2.flixcart.com/image/312/312/xif0q/computer/g/s/d/modern-14-c13m-thin-and-light-laptop-msi-original-imahezcnmknq6cqk.jpeg?q=70,https://www.flipkart.com/msi-modern-14-c13m-intel-core-i3-13th-gen-1315u-8-gb-512-gb-ssd-windows-11-home-c13m-115in-thin-light-laptop/p/itm88e50504913b0?pid=COMHEZCB7BBCGMWD&lid=LSTCOMHEZCB7BBCGMWDUXPRUE&marketplace=FLIPKART&q=laptops&store=6bo%2Fb5g&srno=s_5_116&otracker=search&otracker1=search&fm=Search&iid=b63d3bd8-ebd9-4fa4-b5cb-a2352e16dc73.COMHEZCB7BBCGMWD.SEARCH&ppt=sp&ppn=sp&ssid=ydokzt7jfk0000001761554138877&qH=c06ea84a1e3dc3c6
Infinix Intel Core i7 11th Gen 1195G7 - (16 GB/1 TB SSD/Windows 11 Home) INBook X2 Plus Core i7 Thin a...,"₹63,990",https://rukminim2.flixcart.com/image/312/312/xif0q/computer/t/7/g/-original-imahcd9cynzhxuzh.jpeg?q=70,https://www.flipkart.com/infinix-intel-core-i7-11th-gen-1195g7-16-gb-1-tb-ssd-windows-11-home-inbook-x2-plus-thin-light-laptop/p/itm71b517593ad13?pid=COMGNYAUGYPYSQX6&lid=LSTCOMGNYAUGYPYSQX6ZL8LZC&marketplace=FLIPKART&q=laptops&store=6bo%2Fb5g&srno=s_5_117&otracker=search&otracker1=search&fm=Search&iid=en_31Zz30hXyYoBvJW4X2eSpvnOE8FE08c04sIaVh6hh3kATaAbv6_BuP0z0j0LZ2i9d7Hmpu_yy9_5jR_rSQjohfUFjCTyOHoHZs-Z5_PS_w0%3D&ppt=sp&ppn=sp&ssid=ydokzt7jfk0000001761554138877&qH=c06ea84a1e3dc3c6
HP Omnibook 3 AMD Ryzen AI 5 Hexa Core 340 - (16 GB/512 GB SSD/Windows 11 Home) 15-fn0007AU Thin and L...,"₹63,990",https://rukminim2.flixcart.com/image/312/312/xif0q/computer/f/o/u/omnibook-3-ngai-thin-and-light-laptop-hp-original-imahcxyrftbs73tg.jpeg?q=70,https://www.flipkart.com/hp-omnibook-3-amd-ryzen-ai-5-hexa-core-340-16-gb-512-gb-ssd-windows-11-home-15-fn0007au-thin-light-laptop/p/itm991fff3486d7e?pid=COMHCRP9G9TJHZZM&lid=LSTCOMHCRP9G9TJHZZMQEWJCQ&marketplace=FLIPKART&q=laptops&store=6bo%2Fb5g&srno=s_5_118&otracker=search&otracker1=search&fm=Search&iid=en_31Zz30hXyYoBvJW4X2eSpvnOE8FE08c04sIaVh6hh3koy2tZIiFqLcE69XDQgFFsx8w0juriMxn7NWlYdQ5jkaV8WX5krIChubBlraAu4CQ%3D&ppt=sp&ppn=sp&ssid=ydokzt7jfk0000001761554138877&qH=c06ea84a1e3dc3c6
ASUS Expertbook P1 High-performance processor Intel Core i7 13th Gen 13620H - (32 GB/512 GB SSD/Window...,"₹74,990",https://rukminim2.flixcart.com/image/312/312/xif0q/computer/0/i/4/-original-imahgfdffffesksg.jpeg?q=70,https://www.flipkart.com/asus-expertbook-p1-high-performance-processor-intel-core-i7-13th-gen-13620h-32-gb-512-gb-ssd-windows-11-home-p1403cva-s60940ws-thin-light-laptop/p/itmc8b94112958cf?pid=COMH8Z2QT98FWRGH&lid=LSTCOMH8Z2QT98FWRGH3QRD3U&marketplace=FLIPKART&q=laptops&store=6bo%2Fb5g&srno=s_5_119&otracker=search&otracker1=search&fm=Search&iid=b63d3bd8-ebd9-4fa4-b5cb-a2352e16dc73.COMH8Z2QT98FWRGH.SEARCH&ppt=sp&ppn=sp&ssid=ydokzt7jfk0000001761554138877&qH=c06ea84a1e3dc3c6
Lenovo IdeaPad Slim 5 WUXGA OLED Full Metal Body Intel Core i5 13th Gen 13420H - (16 GB/1 TB SSD/Windo...,"₹72,990",https://rukminim2.flixcart.com/image/312/312/xif0q/computer/o/v/3/-original-imahfkh32rjbqrhj.jpeg?q=70,https://www.flipkart.com/lenovo-ideapad-slim-5-wuxga-oled-full-metal-body-intel-core-i5-13th-gen-13420h-16-gb-1-tb-ssd-windows-11-home-thin-light-laptop/p/itm1df1fe93dcbfd?pid=COMHAF73KBHEEFJS&lid=LSTCOMHAF73KBHEEFJS6PPM9N&marketplace=FLIPKART&q=laptops&store=6bo%2Fb5g&srno=s_5_120&otracker=search&otracker1=search&fm=Search&iid=b63d3bd8-ebd9-4fa4-b5cb-a2352e16dc73.COMHAF73KBHEEFJS.SEARCH&ppt=sp&ppn=sp&ssid=ydokzt7jfk0000001761554138877&qH=c06ea84a1e3dc3c6
