Title,Video Link,Views,Channel Link
"Top 5 Best Smartphones Under ‚Çπ30,000üí≤ October 2025 With Amazing Spec's",https://www.youtube.com/watch?v=YrfPuqVuuwU&pp=ygUpYmVzdCBwaG9uZSB1bmRlciA0MDAwMCBpbiBiYW5nbGFkZXNoIDIwMjU%3D,5.9K views,https://www.youtube.com/@TechRoasterRS
Top 5 Best Flagship Phones under 40000 2025 | Best phone under 40000 | best phones under 40000 |,https://www.youtube.com/shorts/ZBtkHb7nkr8,452K views,https://www.youtube.com/@_Techdeepak01
‡¶ó‡ßá‡¶Æ‡¶ø‡¶Ç ‡¶¨‡¶æ ‡¶™‡¶æ‡¶∞‡¶´‡¶∞‡¶Æ‡ßá‡¶®‡ßç‡¶∏‡ßá‡¶∞ ‡¶ú‡¶®‡ßç‡¶Ø 40k ‡¶¨‡¶æ‡¶ú‡ßá‡¶ü‡ßá ‡¶è‡¶á ‡¶Æ‡ßÅ‡¶π‡ßÇ‡¶∞‡ßç‡¶§‡ßá ‡¶∏‡ßá‡¶∞‡¶æ ‡ß´ ‡¶´‡ßã‡¶®! Top-5 Around 40K (July 2025),https://www.youtube.com/watch?v=T6S-OI2HNHI&pp=ygUpYmVzdCBwaG9uZSB1bmRlciA0MDAwMCBpbiBiYW5nbGFkZXNoIDIwMjU%3D,344K views,https://www.youtube.com/@SamZonebd
Best Smartphone Under 40K in Bangladesh | Camera üì∏ Gaming üéÆ iPhone üçè & Allrounder!,https://www.youtube.com/watch?v=y3YMPO95qkk&pp=ygUpYmVzdCBwaG9uZSB1bmRlciA0MDAwMCBpbiBiYW5nbGFkZXNoIDIwMjU%3D,59K views,https://www.youtube.com/@techbyakram
40 ‡¶π‡¶æ‡¶ú‡¶æ‡¶∞‡ßá ‡¶∏‡ßá‡¶∞‡¶æ ‡ß´ ‡¶´‡ßã‡¶®‡¶É Top 5 Phones Under 40K (August-2025),https://www.youtube.com/watch?v=Yvfylv1hYxY&pp=ygUpYmVzdCBwaG9uZSB1bmRlciA0MDAwMCBpbiBiYW5nbGFkZXNoIDIwMjU%3D,115K views,https://www.youtube.com/@TechtothePointTTP
Top-5 Best Smartphone Around 25k Price Point üëâüèº (August-2025),https://www.youtube.com/watch?v=vPGnj1ubjbM&pp=ygUpYmVzdCBwaG9uZSB1bmRlciA0MDAwMCBpbiBiYW5nbGFkZXNoIDIwMjU%3D,436K views,https://www.youtube.com/@SamZonebd
‡¶¨‡¶ø‡¶∂ ‡¶π‡¶æ‡¶ú‡¶æ‡¶∞‡ßá ‡¶Ø‡ßá ‡¶Æ‡ßã‡¶¨‡¶æ‡¶á‡¶≤ ‡¶ó‡ßÅ‡¶≤‡ßã ‡¶∏‡ßá‡¶∞‡¶æ! TOP-5  Best Smartphones Around 20K,https://www.youtube.com/watch?v=eFmpKKQiEZU&pp=ygUpYmVzdCBwaG9uZSB1bmRlciA0MDAwMCBpbiBiYW5nbGFkZXNoIDIwMjU%3D,299K views,https://www.youtube.com/@SamZonebd
Top 5 Best Smartphones Around 25K ( OCT 2025),https://www.youtube.com/watch?v=pApCKQwfBpY&pp=ygUpYmVzdCBwaG9uZSB1bmRlciA0MDAwMCBpbiBiYW5nbGFkZXNoIDIwMjU%3D,222K views,https://www.youtube.com/@SamZonebd
‡ß©‡ß´ ‡¶π‡¶æ‡¶ú‡¶æ‡¶∞‡ßá ‡¶è‡¶á ‡¶Æ‡ßÅ‡¶π‡ßÇ‡¶∞‡ßç‡¶§‡ßá ‡¶∏‡ßá‡¶∞‡¶æ ‡ß´ ‡¶´‡ßã‡¶® ! Top-5 Best Smartphone (August 2025),https://www.youtube.com/watch?v=iydgJ_8H9LM&pp=ygUpYmVzdCBwaG9uZSB1bmRlciA0MDAwMCBpbiBiYW5nbGFkZXNoIDIwMjU%3D,414K views,https://www.youtube.com/@SamZonebd
Top 5 Best Flagship Phones under 40000 2025 | Best phone under 40000 | best phones under 40000 |,https://www.youtube.com/shorts/AIDST4igQag,14K views,https://www.youtube.com/@_Techdeepak01
"vivo V60 - Best Camera Phone Under Rs 40,000?",https://www.youtube.com/watch?v=eiVTfrPenEY&pp=ygUpYmVzdCBwaG9uZSB1bmRlciA0MDAwMCBpbiBiYW5nbGFkZXNoIDIwMjU%3D,154K views,https://www.youtube.com/@TrakinTechEnglish
The Truth About Top 5 upcoming phones review november 2025  Will Shock You ?,https://www.youtube.com/watch?v=uz0l7mWTAq8&pp=ygUpYmVzdCBwaG9uZSB1bmRlciA0MDAwMCBpbiBiYW5nbGFkZXNoIDIwMjU%3D,46 views,https://www.youtube.com/@TIPSFORTECH-jk8pz
OPPO Reno 13 Pro vs Vivo V40 Pro vs Galaxy A55; ‚ö° Which is the Best Camera Phone Under 40000? üî•üî•,https://www.youtube.com/watch?v=s8lKXgIDB9Y&pp=ygUpYmVzdCBwaG9uZSB1bmRlciA0MDAwMCBpbiBiYW5nbGFkZXNoIDIwMjU%3D,5.4K views,https://www.youtube.com/@thevishuvlogstech
Top 5 Best Flagship Camera Phones Under 40000 | Best Camera Phone Under 40000 | Best Phone Under 40k,https://www.youtube.com/shorts/ZZGmWwKVicA,12K views,https://www.youtube.com/@_Techdeepak01
TOP 5 BEST CAMERA MOBILE UNDER 40Küí∏ #shorts #technicalmanash #mobile,https://www.youtube.com/shorts/ThCHIrAW3Qs,172K views,https://www.youtube.com/@TECHNICALMANASH-7
"""‡ß®‡ß¶‡ß®‡ß´ ‡¶∏‡¶æ‡¶≤‡ßá‡¶∞ ‡¶∏‡ßá‡¶∞‡¶æ ‡ß´‡¶ü‡¶ø Flagship Killer ‡¶´‡ßã‡¶® üí• | Best Smartphone Under 40000 Taka in Bangladesh""",https://www.youtube.com/watch?v=IwuzK0E6Hgk&pp=ygUpYmVzdCBwaG9uZSB1bmRlciA0MDAwMCBpbiBiYW5nbGFkZXNoIDIwMjU%3D,33K views,https://www.youtube.com/@phonefusebd
‡ß™‡ß¶ ‡¶π‡¶æ‡¶ú‡¶æ‡¶∞‡ßá ‡¶∏‡ßá‡¶∞‡¶æ ‡¶´‡ßã‡¶® ‡¶ï‡¶æ‡¶∞‡¶æ? 40k to 45k Best Phone 2025,https://www.youtube.com/watch?v=X3XTBdscxC4&pp=ygUpYmVzdCBwaG9uZSB1bmRlciA0MDAwMCBpbiBiYW5nbGFkZXNoIDIwMjU%3D,463K views,https://www.youtube.com/@ATCAndroidToToCompany
"Best Phones under Rs 40000 (Q2 2025) - Watch This Video Before Buying a Phone Under Rs 40,000!",https://www.youtube.com/watch?v=Up-EDPMya4I&pp=ygUpYmVzdCBwaG9uZSB1bmRlciA0MDAwMCBpbiBiYW5nbGFkZXNoIDIwMjU%3D,562K views,https://www.youtube.com/@TrakinTechEnglish
"‡¶¨‡¶æ‡¶ú‡ßá‡¶ü ‡¶Ø‡¶æ‡¶á ‡¶π‡ßã‡¶ï, ‡ß®‡ß¶‡ß®‡ß´ ‡¶è ‡¶∏‡¶¨‡¶æ‡¶∞ ‡¶ú‡¶®‡ßç‡¶Ø ‡¶∏‡ßá‡¶∞‡¶æ ‡¶´‡ßã‡¶®!  üòé",https://www.youtube.com/watch?v=Rv5geZC4WpE&pp=ygUpYmVzdCBwaG9uZSB1bmRlciA0MDAwMCBpbiBiYW5nbGFkZXNoIDIwMjU%3D,573K views,https://www.youtube.com/@ATCAndroidToToCompany
Top 5 Best Flagship Phones under 40000 2025 | Best phone under 40000 | best phones under 40000 |,https://www.youtube.com/shorts/psAocBH1-J4,68K views,https://www.youtube.com/@_Techdeepak01
"Best Flagship Phone Under ‚Çπ35,999 | Oneplus 13R #shorts #oneplus13r",https://www.youtube.com/shorts/sxW5ZCNGs48,8.9M views,https://www.youtube.com/@tekhtronikz
TOP 5 Best Camera Smartphone Under 35000/- #shorts #viral #smart,https://www.youtube.com/shorts/TW7bB6SLDro,119K views,https://www.youtube.com/@DigitaltechHub10
Best Phones Under 40000 October 2025 |Top 5 Best Mobiles Under 40000,https://www.youtube.com/watch?v=j-AyVl11MQ0&pp=ygUpYmVzdCBwaG9uZSB1bmRlciA0MDAwMCBpbiBiYW5nbGFkZXNoIDIwMjU%3D,37K views,https://www.youtube.com/@UnlearnandEvolve
TOP 5 Best Camera Phone Under 40000/- In 2025 | Realtech,https://www.youtube.com/shorts/cP2Fv6bqTeQ,243K views,https://www.youtube.com/@Realtech_
‚ÄéTop 5 best phone around 40k in Bangladeshüì±üáßüá©‚úÖ #fryou #smartphone,https://www.youtube.com/shorts/8p323g1tx5U,7.9K views,https://www.youtube.com/@NlSRABON-yh8ge
"Top 5 Best 5G Phones Under 40,000 In April 2024 | Best Phones Under 40,000 üöÄ‚ö°",https://www.youtube.com/shorts/1TLUqmErG6o,551K views,https://www.youtube.com/@BablusTechThunderbolt
Best Camera Smartphone under 40k #techbyakram #techreview,https://www.youtube.com/shorts/C8uFxXtP5Vo,114K views,https://www.youtube.com/@techbyakram
"Top 3 best Smartphones Under 40,000 BDT in 2025 | Best Phones in Budget! #techwithmonir",https://www.youtube.com/shorts/hUy8lzVWgAw,347K views,https://www.youtube.com/@TechwithMonirofficial
TOP 5 Best Flagship Phone Under 40000/- In April 2025 | Realtech,https://www.youtube.com/shorts/GqkQUPE-NoI,166K views,https://www.youtube.com/@Realtech_
Xiaomi Note 14 Pro+ VS Honor 400 5G || Which one should you buy?,https://www.youtube.com/watch?v=bD-nuoQ3QgM&pp=ygUpYmVzdCBwaG9uZSB1bmRlciA0MDAwMCBpbiBiYW5nbGFkZXNoIDIwMjU%3D,79K views,https://www.youtube.com/@RatulOsmantech
Top 5 Smartphone Around 35K Price Point! ‡¶ó‡ßá‡¶Æ‡¶ø‡¶Ç + ‡¶ï‡ßç‡¶Ø‡¶æ‡¶Æ‡ßá‡¶∞‡¶æ !,https://www.youtube.com/watch?v=FfDSoqtEAzw&pp=ygUpYmVzdCBwaG9uZSB1bmRlciA0MDAwMCBpbiBiYW5nbGFkZXNoIDIwMjU%3D,599K views,https://www.youtube.com/@SamZonebd
TOP 5 Best Gaming Phone Under 40000/- In 2025 | Realtech,https://www.youtube.com/shorts/VvJBBwyeMRE,43K views,https://www.youtube.com/@Realtech_
Top 5 Samsung Phone Under 40000 | Samsung Phone Under 40000 in 2022|Best Samsung Phone Under 40000,https://www.youtube.com/watch?v=nIPkG6gzWIw&pp=ygUpYmVzdCBwaG9uZSB1bmRlciA0MDAwMCBpbiBiYW5nbGFkZXNoIDIwMjU%3D,362K views,https://www.youtube.com/@TechMaan22
‡ß™‡ß´ ‡¶π‡¶æ‡¶ú‡¶æ‡¶∞‡ßá ‡¶∏‡ßá‡¶∞‡¶æ ‡ß´‡¶ü‡¶ø ‡¶∏‡ßç‡¶Æ‡¶æ‡¶∞‡ßç‡¶ü‡¶´‡ßã‡¶® ‡•§ Best Smartphone Under 45000 Taka In Bd.,https://www.youtube.com/watch?v=F3TVZR8943k&pp=ygUpYmVzdCBwaG9uZSB1bmRlciA0MDAwMCBpbiBiYW5nbGFkZXNoIDIwMjU%3D,4.2K views,https://www.youtube.com/@phonefusebd
"Top 5 Best Camera Phones Under 40,000/- In November 2024 | Best Flagship Camera Phone Under 40K",https://www.youtube.com/shorts/LxJ0tqzrprY,76K views,https://www.youtube.com/@BablusTechThunderbolt
"Top 5 Smartphones under 50K 2025: Honor 400, Redmi K80 Ultra, More! | Top 5 Best Smartphone at 50K",https://www.youtube.com/watch?v=wNUcJPkUvI8&pp=ygUpYmVzdCBwaG9uZSB1bmRlciA0MDAwMCBpbiBiYW5nbGFkZXNoIDIwMjU%3D,23K views,https://www.youtube.com/@techversebd
Top Four Gaming Phone under 40k #techbyakram #techreview,https://www.youtube.com/shorts/UWQiD8ZOxdA,33K views,https://www.youtube.com/@techbyakram
TOP 5 Best Phone Under 40000/- In January 2025 | Realtech,https://www.youtube.com/shorts/sv2d13nPIVQ,156K views,https://www.youtube.com/@Realtech_
I got Best mobile under 40000 | best mobile phone under 40k | A54| Samsung galaxy|,https://www.youtube.com/shorts/qsvTGrI2y5o,360K views,https://www.youtube.com/@vikaspune_vlog
"Top 10 best gaming phones under 40,000",https://www.youtube.com/shorts/XT7tb0YNmso,79K views,https://www.youtube.com/@Thetoplist-1
Top 5 Best Oppo Mobiles Under 40000,https://www.youtube.com/shorts/Kpn0lgUqjHI,16K views,https://www.youtube.com/@KnowledgeBySumit786
"üî• Best Phone Under 40K? Performance Beast, Camera King & 2nd Hand Hero!",https://www.youtube.com/shorts/qQFdG9ttIPg,150K views,https://www.youtube.com/@techbyakram
Best Camera Phones Under 40000 üì≥ #top10#cameraphones#camera,https://www.youtube.com/shorts/-zhWSHReJpg,745K views,https://www.youtube.com/@THE_BEST_MOBILE
TOP 5 Best Phone Under 40000/- In May 2025 | Realtech,https://www.youtube.com/shorts/8ujSbOvxdwQ,18K views,https://www.youtube.com/@Realtech_
Honor 200 VS Nothing 3A Camera Comparisonüî•‡ß©‡ß´ ‡¶π‡¶æ‡¶ú‡¶æ‡¶∞‡ßá ‡¶ï‡ßç‡¶Ø‡¶æ‡¶Æ‡ßá‡¶∞‡¶æ ‡¶∞‡¶æ‡¶ú‡¶æ ‡¶ï‡ßá?ü§î,https://www.youtube.com/watch?v=6D0OYaqBs-c&pp=ygUpYmVzdCBwaG9uZSB1bmRlciA0MDAwMCBpbiBiYW5nbGFkZXNoIDIwMjU%3D,62K views,https://www.youtube.com/@TechShibly
best 3 phones in bangladesh  under 40000 #shorts #viralvideo #bestphone,https://www.youtube.com/shorts/wEUNOQJlaqQ,15K views,https://www.youtube.com/@techtmshorts87
Top 5 Best Smartphone ‡•§‡•§ Around 40K‡•§‡•§ ‡¶Ü‡¶™‡¶®‡¶æ‡¶¶‡ßá‡¶∞ ‡¶∞‡¶ø‡¶ï‡ßã‡¶Ø‡¶º‡ßá‡¶∏‡ßç‡¶ü ‡¶è‡¶∞ ‡¶≠‡¶ø‡¶°‡¶ø‡¶ì!,https://www.youtube.com/watch?v=M_lRnhWMf98&pp=ygUpYmVzdCBwaG9uZSB1bmRlciA0MDAwMCBpbiBiYW5nbGFkZXNoIDIwMjU%3D,482K views,https://www.youtube.com/@SamZonebd
"Ranking Best OnePlus Phones under ‚Çπ30,000! #shorts",https://www.youtube.com/shorts/9lvUbC04x10,224K views,https://www.youtube.com/@itstechade
‡ß©‡ß´ ‡¶π‡¶æ‡¶ú‡¶æ‡¶∞‡ßá ‡¶è‡¶á ‡¶Æ‡ßÅ‡¶π‡ßÇ‡¶∞‡ßç‡¶§‡ßá ‡¶∏‡ßá‡¶∞‡¶æ ‡ß´ ‡¶´‡ßã‡¶® ! Top-5 Best Smartphone (August 2025),https://www.youtube.com/watch?v=iydgJ_8H9LM&pp=ygUpYmVzdCBwaG9uZSB1bmRlciA0MDAwMCBpbiBiYW5nbGFkZXNoIDIwMjU%3D,414K views,https://www.youtube.com/@SamZonebd
TOP 5 Best Phone Under 40000/- In February 2025 | Realtech,https://www.youtube.com/shorts/u1yqS4eLjFE,80K views,https://www.youtube.com/@Realtech_
Best Used SmartPhone Under 40k (2025) | ‡ß©‡ß¶ ‡¶•‡ßá‡¶ï‡ßá ‡ß™‡ß¶ ‡¶π‡¶æ‡¶ú‡¶æ‡¶∞‡ßá ‡¶∏‡ßá‡¶∞‡¶æ ‡¶ï‡ßç‡¶Ø‡¶æ‡¶Æ‡ßá‡¶∞‡¶æ ‡¶´‡ßã‡¶®!,https://www.youtube.com/watch?v=f6Kg0u03IwI&pp=ygUpYmVzdCBwaG9uZSB1bmRlciA0MDAwMCBpbiBiYW5nbGFkZXNoIDIwMjU%3D,33K views,https://www.youtube.com/@TechJafor37
TOP 5 Best Camera Smartphone Under 40000/- In May 2025 | Realtech,https://www.youtube.com/shorts/KLdJjFH9l54,18K views,https://www.youtube.com/@Realtech_
TOP 5 : Best Samsung phones under 40000 to 50000 rupees in india | March 2025,https://www.youtube.com/watch?v=ZtySBbhgZJw&pp=ygUpYmVzdCBwaG9uZSB1bmRlciA0MDAwMCBpbiBiYW5nbGFkZXNoIDIwMjU%3D,11K views,https://www.youtube.com/@Tech.Inventionz
Samsung s24 vs nothing 3a pro camera test üî•,https://www.youtube.com/shorts/TjNxIZy_BC4,2.7M views,https://www.youtube.com/@Devhr71shorts
"Ranking Best Samsung Phone to buy under ‚Çπ40,000! ü§© #shorts",https://www.youtube.com/shorts/Tm2ALj3SdaA,1.3M views,https://www.youtube.com/@itstechade
S24 FE 8GB+256GB#samsung,https://www.youtube.com/shorts/ngx4S1mB2lk,1.8M views,https://www.youtube.com/@masterpino
"‡¶Æ‡¶ø‡¶° ‡¶¨‡¶æ‡¶ú‡ßá‡¶ü‡ßá ‡ß®‡ß¶‡ß®‡ß´ ‡¶è‡¶∞ ‡¶∏‡ßá‡¶∞‡¶æ ‡ß´‡¶ü‡¶ø ‡¶´‡ßã‡¶® ‡¶ï‡¶ø‡¶®‡ßÅ‡¶® | ‡¶ï‡¶æ‡¶∞‡ßç‡¶≠ ‡¶°‡¶ø‡¶∏‡¶™‡ßç‡¶≤‡ßá, 32GB RAM+ 6200mAh! Best Phone Under 30k - 35k",https://www.youtube.com/watch?v=kBnc5u0mRzM&pp=ygUpYmVzdCBwaG9uZSB1bmRlciA0MDAwMCBpbiBiYW5nbGFkZXNoIDIwMjU%3D,196K views,https://www.youtube.com/@TechnicalShanto
Oppo Reno 14 vs Galaxy S24 FE vs Vivo T4 Ultra | Best Camera Phones?,https://www.youtube.com/shorts/hb6CGaIAdiQ,1.1M views,https://www.youtube.com/@Real-Softech
The Best Compact Phone of 2025! *Surprise*,https://www.youtube.com/shorts/HutmgDFZSGQ,561K views,https://www.youtube.com/@techwiser
TOP 5 : Samsung Phones under 30000 rupees to 40000 rupees in india | February 2025,https://www.youtube.com/watch?v=-83mHpXnI1Q&pp=ygUpYmVzdCBwaG9uZSB1bmRlciA0MDAwMCBpbiBiYW5nbGFkZXNoIDIwMjU%3D,15K views,https://www.youtube.com/@Tech.Inventionz
Top 5 Best Camera & Gaming Phone Under 40000 In 2025‚ö°Best 5G Smartphone Under 40k,https://www.youtube.com/watch?v=fTz9rW8jyn4&pp=ygUpYmVzdCBwaG9uZSB1bmRlciA0MDAwMCBpbiBiYW5nbGFkZXNoIDIwMjU%3D,4.8K views,https://www.youtube.com/@riteshjeph
Which Phone is REALLY Waterproof? (Spoiler: One Died Instantly) üíÄ,https://www.youtube.com/shorts/2iL9__yAbzU,3.8M views,https://www.youtube.com/@Mobilevelo
vivo x200 vs iphone 15 camera test // best camera phone #shortfeed #shorts #shortvideo,https://www.youtube.com/shorts/ozzJEqOWFvA,275K views,https://www.youtube.com/@Kundangaming62
TOP 5 Best Flagship Phone Under 40000/- In April 2025 | Realtech,https://www.youtube.com/shorts/GqkQUPE-NoI,166K views,https://www.youtube.com/@Realtech_
POCO F7 vs iQOO Neo 10 | Best Gaming Phone Under 30000 in 2025 #shorts,https://www.youtube.com/shorts/aFmBD_8ePZ4,164K views,https://www.youtube.com/@MrTechnical
Oneplus 13s vs Samsung galaxy s25 camera comparison || s25 || Oneplus 13s || #comparison #ytshorts,https://www.youtube.com/shorts/7W_HBYrvto0,3.3M views,https://www.youtube.com/@Personalising-tech
Oppo Reno 14 vs Vivo T4 Ultra Zoom Test üî•,https://www.youtube.com/shorts/lx6GmfMdz88,1.8M views,https://www.youtube.com/@Real-Softech
OPPO Reno 14 Unboxing,https://www.youtube.com/shorts/Gl6T-KM6Orc,1.4M views,https://www.youtube.com/@techdiariez
"Top 3 Best Smartphones Under 40,000 BDT in 2025 | Best Phones in Budget? #mtechnology",https://www.youtube.com/shorts/Z8D6TJsepvY,18K views,https://www.youtube.com/@MTechnologyBd
iQOO 13 vs iPhone 15 - Ultimate Comparison #iQOO13 #iPhone15 #iQOO13vsiPhone15,https://www.youtube.com/shorts/DLyJwgxGDmc,2.6M views,https://www.youtube.com/@TechyKiran
Samsung Galaxy S25 Ultra VS Huawei Pura 70 Ultra Live Moon Zoom Test,https://www.youtube.com/shorts/KhLCCYrdLH4,456K views,https://www.youtube.com/@BoringHistoryForSleepsss
Best Camera phone under 40000 india for june 2025,https://www.youtube.com/watch?v=XjrW6vihOBc&pp=ygUpYmVzdCBwaG9uZSB1bmRlciA0MDAwMCBpbiBiYW5nbGFkZXNoIDIwMjU%3D,10K views,https://www.youtube.com/@Tech.Inventionz
iqoo neo 10 vs poco f7 detailed comparison || Best gaming phones under 35000 #shorts,https://www.youtube.com/shorts/FRA1hJ7ZTIk,239K views,https://www.youtube.com/@dealsbox96
"Samsung S24 Unboxing at Rs. 37,000 -Flipkart Sale Unit | Best Phone Under 40000",https://www.youtube.com/shorts/T2U3hfyevBY,111K views,https://www.youtube.com/@Sahejsain
Top 5 Best Flagship Phones Under 35000 | Best Phone Under 35000 | Best Phones Under 35000 | Deepak,https://www.youtube.com/shorts/oeo8axGMunE,285K views,https://www.youtube.com/@_Techdeepak01
OnePlus Deals for you ! #shorts,https://www.youtube.com/shorts/kjNsf7aro10,3.4M views,https://www.youtube.com/@GyanTherapy
Don't Buy These Smartphone in 2025!,https://www.youtube.com/watch?v=BhJ6DgjY-kA&pp=ygUpYmVzdCBwaG9uZSB1bmRlciA0MDAwMCBpbiBiYW5nbGFkZXNoIDIwMjU%3D,98K views,https://www.youtube.com/@techbyakram
Don't ‚ùå Miss these 3 Flagships‚ò†Ô∏è phones under ‚Çπ40000,https://www.youtube.com/shorts/kzGSl-_DvjI,446K views,https://www.youtube.com/@Techular-369
TOP 5 Best Camera Smartphone Under 35000/- #shorts #viral #smart,https://www.youtube.com/shorts/TW7bB6SLDro,119K views,https://www.youtube.com/@DigitaltechHub10
Should you buy Samsung Galaxy S25 #galaxys25 #smartphone #tech,https://www.youtube.com/shorts/A4kI8yo9mnY,1.1M views,https://www.youtube.com/@noistech
OnePlus 12 VS Samsung S23 Ultra Zoom Test üî• 100X VS 100X Zoom #shorts #samsung #PlayGalaxy,https://www.youtube.com/shorts/ykiv5rupMvU,4.6M views,https://www.youtube.com/@Techoob
Vivo X200 Vs Vivo V40 Pro üî• || Camera Test üòé || #cameratest #vivo #x200 #v40pro,https://www.youtube.com/shorts/RdfDnScgSXo,6.5M views,https://www.youtube.com/@rishabhs_tech3331
nothing Phone 3a pro camera üì∏,https://www.youtube.com/shorts/lwCzPu0a2aI,1.8M views,https://www.youtube.com/@digitalpronab5763
New VIVO V40 5G phone Quick Review Unboxing shorts video full curved display 5G phone #shorts #video,https://www.youtube.com/shorts/S30QiqVomY0,992K views,https://www.youtube.com/@Tech_unboxing8826
Nothing Phone (2) üî• 512GB,https://www.youtube.com/shorts/YHzwenE3_E8,1.1M views,https://www.youtube.com/@Gizbot
Oppo Reno 14 vs Vivo V60 - Best Phone Under 40K!¬†,https://www.youtube.com/shorts/3f04OsPspGU,120K views,https://www.youtube.com/@computermobiletips
Top 5 Best Flagshipkiller Phones under 30000 | Best phone under 30000 | Best phones under 30000 |,https://www.youtube.com/shorts/Vx0tE_LkpEk,585K views,https://www.youtube.com/@_Techdeepak01
Best Camera Phones Under 40000 üì≥ #top10#cameraphones#camera,https://www.youtube.com/shorts/-zhWSHReJpg,745K views,https://www.youtube.com/@THE_BEST_MOBILE
Vivo V27 PrOo Unboxing@aashishraj2817,https://www.youtube.com/shorts/yynpNZyTDt0,17M views,https://www.youtube.com/@MIK_TECH
‡ß©‡ß¶-‡ß¨‡ß¶ ‡¶π‡¶æ‡¶ú‡¶æ‡¶∞‡ßá Used iPhone ‡¶ï‡¶ø‡¶®‡¶¨‡ßá‡¶®?üëÄBest Used Iphone ‡¶ó‡ßÅ‡¶≤‡ßã ‡¶¶‡ßá‡¶ñ‡ßá ‡¶®‡¶ø‡¶®¬†‡¶è‡¶á¬†‡¶≠‡¶ø‡¶°‡¶ø‡¶ì‡¶§‡ßá!üî•,https://www.youtube.com/watch?v=DLqeUa6svG0&t=405s&pp=ygUpYmVzdCBwaG9uZSB1bmRlciA0MDAwMCBpbiBiYW5nbGFkZXNoIDIwMjXSBwkJBgoBhyohjO8%3D,28K views,https://www.youtube.com/@TechShibly
Samsung Galaxy A56 - Worth it or Skip? #SamsungA56 #SamsungGalaxyA56 #Smartphone #SamsungA56Review,https://www.youtube.com/shorts/SoWzG4-viPk,1.1M views,https://www.youtube.com/@TechyKiran
Best Gaming Phone Under 25k?üòà @Fugitiv3og #shorts #infinixgt20pro #infinixgt30pro #iqooneo10r,https://www.youtube.com/shorts/V9kn3GzKQoc,1M views,
TOP 5 Best Camera Phone Under 40000/- In February 2025 | Realtech,https://www.youtube.com/shorts/rt2fPL6nkL4,80K views,https://www.youtube.com/@Realtech_
"Vivo T4 Ultra vs Vivo V50 - Best Smartphone Under 40,000? ü§î",https://www.youtube.com/shorts/82M3-t74v1A,118K views,https://www.youtube.com/@BRTechWhiz
"Top 3 Best Camera phones Under ‚Çπ30,000 to ‚Çπ35,000",https://www.youtube.com/shorts/D2viq6j-cUA,136K views,https://www.youtube.com/@Real-Softech
IS the Google Pixel 7 Pro STILL Worth Buying in 2025?,https://www.youtube.com/shorts/AwK43x2xapc,77K views,https://www.youtube.com/@TheHardwareHackerAk
Honor 200 VS Nothing 3A Camera Comparisonüî•‡ß©‡ß´ ‡¶π‡¶æ‡¶ú‡¶æ‡¶∞‡ßá ‡¶ï‡ßç‡¶Ø‡¶æ‡¶Æ‡ßá‡¶∞‡¶æ ‡¶∞‡¶æ‡¶ú‡¶æ ‡¶ï‡ßá?ü§î,https://www.youtube.com/watch?v=6D0OYaqBs-c&pp=ygUpYmVzdCBwaG9uZSB1bmRlciA0MDAwMCBpbiBiYW5nbGFkZXNoIDIwMjXSBwkJBgoBhyohjO8%3D,62K views,https://www.youtube.com/@TechShibly
Vivo T4 Ultra Phone Photography Test Best Camera Photography phone under budget 225 #vivot4ultra,https://www.youtube.com/shorts/Gl6hLad5k_s,309K views,https://www.youtube.com/@GourabNill
Best Smartphones under 40000 in India | #shortsfeed #short #shorts #smartphone #shortsvideo,https://www.youtube.com/shorts/h_bMy0wVf8o,158K views,https://www.youtube.com/@oceanofdeals
Moto Edge 60 Fusion vs Moto Edge 60 Stylus! #motoedge60fusion #motoedge60stylus #comparison #tech,https://www.youtube.com/shorts/2VeNtGgflDU,2.9M views,https://www.youtube.com/@TechyKiran
Top 6 Best Smartphones Under ‚Çπ50000 ‚ö° #TrakinShorts,https://www.youtube.com/shorts/33x1P9eMzBU,2.4M views,https://www.youtube.com/@TrakinShorts
Vivo V30 5 G 12 GB RAM+ 512ROM #vivo #smartphone,https://www.youtube.com/shorts/PoTYt4IN8DA,1.5M views,https://www.youtube.com/@masterpino
Most powerful Phone Under 30Küî• iQOO Neo 10 5G Unboxing,https://www.youtube.com/shorts/AXniwNtwvVo,890K views,https://www.youtube.com/@SisTechbanna
Pixel 9 is BETTER than iPhone in 2025? #viraltech,https://www.youtube.com/shorts/6V_t9QpNK9k,197K views,https://www.youtube.com/@Twist_Tech
"Best Camera Phone Under 40,000 | Winner ??",https://www.youtube.com/shorts/JBRVjYZ_C_w,320K views,https://www.youtube.com/@SauravAnuraj
"The Slimmest Phone Under ‚Çπ20,000! *TECNO POVA SLIM 5G*",https://www.youtube.com/shorts/1iJhL8H81kI,569K views,https://www.youtube.com/@beebomco
"OnePlus 12R: Best phone under Rs 40,000ü§å #oneplusindia #oneplus12r #review",https://www.youtube.com/shorts/x1QAAr_z8SA,904K views,https://www.youtube.com/@ashri_k
Why Xiaomi 15 Civi Is A Better Choice in 2025 üî• #shorts #xiaomi15civi #xiaomi14civi,https://www.youtube.com/shorts/P0Pj2H8Pdao,115K views,https://www.youtube.com/@techitdowwn
Tecno Camon 40 Pro & Infinix Note 50 Pro Side by side in hand review #smartphone #tech,https://www.youtube.com/shorts/ZUxajGWfbRQ,706K views,https://www.youtube.com/@RakibBDVlog1990
vivo X200 Ultra Vs Google Pixel 10 Pro XL #samzone #smartphone,https://www.youtube.com/shorts/4iebYTJs_5U,409K views,https://www.youtube.com/@SamZonebd
ViVO x200 FE Photography Test Unboxing Review Upcoming Best Phone #vivox200fe,https://www.youtube.com/shorts/lPNlnbX7vHU,529K views,https://www.youtube.com/@GourabNill
ViVO T4 Ultra 100X zoom Photography Test Best Phone Under Budget 2025 #vivot4ultra,https://www.youtube.com/shorts/p74fqK6DKvM,378K views,https://www.youtube.com/@GourabNill
Best phone under 40000 in Bangladesh Samsung s21 ultra used mobile price in Bangladesh 2025 #rbgadge,https://www.youtube.com/shorts/qCaPfQp_9UQ,16K views,https://www.youtube.com/@rbgadgetbd5975
The best gaming phone..üóø. poco F4 gt.#pocof4gt #pocox3handcam #smartphone #bgmi #pubgmobile #pocox,https://www.youtube.com/shorts/5tvjRSkyTlo,442K views,https://www.youtube.com/@MrFriezagaming
Sony Is Back With A Crazy Phone! ü§Ø,https://www.youtube.com/shorts/dum2sU-HXEo,8.2M views,https://www.youtube.com/@beebomco
Xiaomi 14 civi vs iPhone 15  Camera Test üî•,https://www.youtube.com/shorts/FD_1ZyS38gk,2.8M views,https://www.youtube.com/@Real-Softech
Infinix NOTE 40 Pro+ 5G Unboxing (Obsidian Black),https://www.youtube.com/shorts/bthW8k3as9k,6.9M views,https://www.youtube.com/@PinoyMetroGeek
Best Phone Under 20000 | Best Phones Under 20000 | Best Smartphone Under 20000 | Tech Deepak,https://www.youtube.com/shorts/i--1nYSvXSg,35K views,https://www.youtube.com/@_Techdeepak01
Samsung S24 in BBD Sale,https://www.youtube.com/shorts/4CzdS2HvTTY,392K views,https://www.youtube.com/@RoanetTech
Upcoming best gaming phone under 25k (2025)‚ò†Ô∏è! #shorts #2025,https://www.youtube.com/shorts/j3d8r91fXg8,1M views,https://www.youtube.com/@FactoSachin45
Vivo V50 V/S motorola edge 50 üì∏ & Zoom Test üî•üî•üò±||#techraj #cameratest #zoomtest,https://www.youtube.com/shorts/WM73ooNhMfY,2.1M views,https://www.youtube.com/@maharajdas5521
Top 5 Best 5G Phones Under 50000 in India 2025 üî• | 40K to 50K Flagship Killer Smartphones #trending,https://www.youtube.com/shorts/-NCOlMEOlWs,15K views,https://www.youtube.com/@Theonemurari
Samsung A35 vs OnePlus Nord 4 Camera Test,https://www.youtube.com/shorts/Nj3WvKHBhrA,1.6M views,https://www.youtube.com/@mobilepapa
Best Flagship Phones under 40000 Rupees india 2025 #shorts,https://www.youtube.com/shorts/a91Gq-fYYuI,7.9K views,https://www.youtube.com/@Tech.Inventionz
Best Mobile under 20000 - 30000 in Pakistan | Don‚Äôt buy Wrong Phones! ,https://www.youtube.com/watch?v=N5AiEmFaWKM&pp=ygUpYmVzdCBwaG9uZSB1bmRlciA0MDAwMCBpbiBiYW5nbGFkZXNoIDIwMjU%3D,8.5K views,https://www.youtube.com/@its_mrraza
Samsung S24 vs Samsung A56 camera test üî•,https://www.youtube.com/shorts/n-Gcd694TWo,2.2M views,https://www.youtube.com/@Devhr71
Realme Mobileüî•Price in Bangladesh 2025 | Best Mid Range Phones | Realme 15 Series Full Specs Review,https://www.youtube.com/watch?v=Xhr6i6FgeP0&pp=ygUpYmVzdCBwaG9uZSB1bmRlciA0MDAwMCBpbiBiYW5nbGFkZXNoIDIwMjU%3D,4.4K views,https://www.youtube.com/@MithuVlogsbd
Best Samsung Phone under 40000 / Top 5 Samsung Phone under Rs 40000 in 2025,https://www.youtube.com/shorts/n8FuwOomIBM,236K views,https://www.youtube.com/@Khushnoorbarelvi
"Best Gaming Phone Under ‚Çπ35,000 in 2025 üéÆüî• Flagship Performance! #shorts",https://www.youtube.com/shorts/bvEwIANWGTM,77K views,https://www.youtube.com/@TechieBist
5 Best One Plus Phone under Rs 40000 in 2025,https://www.youtube.com/shorts/5QxtcGHckTU,44K views,https://www.youtube.com/@Khushnoorbarelvi
New Moto edge 60 Pro 5g Launch Unboxing #ytshorts #smartphone #yt #moto #edge60pro #smartphone #5g,https://www.youtube.com/shorts/BaqC2oNevMs,3M views,https://www.youtube.com/@MANASENTERPRISES-1658
Samsung s25 ultra vs motorola edge 50 ultra camera test || comparison || #new #ytshorts #shorts,https://www.youtube.com/shorts/4ExIKzIUdkw,3.1M views,https://www.youtube.com/@Personalising-tech
‚Çπ30000 ‡§Æ‡•á‡§Ç Flagship Killer Samsung Phones ü§© #shorts  #techmaster,https://www.youtube.com/shorts/td-p9UorASI,5.7M views,https://www.youtube.com/@techmastershort
Samsung S23 Ultra used mobile phone price in Bangladesh | #rbgadgetbd #under #jamuna #smartphone,https://www.youtube.com/shorts/xd7QfkspP6c,339K views,https://www.youtube.com/@rbgadgetbd5975
"Best Camera Smartphones From ‚Çπ15,000 to ‚Çπ40,000 ü§Ø #Shorts",https://www.youtube.com/shorts/GB5mhW5IQ_Q,3.3M views,https://www.youtube.com/@TrakinShorts
"two best Samsung phones you take 2024 üî•ü•µ #shorts || you want to earn money check description, ÔøºÔøº",https://www.youtube.com/shorts/eTgmExGFrdg,14M views,https://www.youtube.com/@manishDhumale-fn5in
Top 5 Gaming Phones under 40000 #shorts,https://www.youtube.com/shorts/c_ExZ4ah490,8.7K views,https://www.youtube.com/@MrBondGamer
Top 5 best camera phone under 40k in 2025 üî•best phone under 40000 ! #cameraphone #shorts #satya07,https://www.youtube.com/shorts/Laqy8MOmNyA,25K views,https://www.youtube.com/@Satya07-p6x
Unboxing OnePlus 13s ‚Äì First-Ever Compact Flagship from OnePlus!,https://www.youtube.com/shorts/ZEEn39Qr39s,1.7M views,https://www.youtube.com/@SmartprixOfficial
"‡¶Æ‡¶ø‡¶° ‡¶¨‡¶æ‡¶ú‡ßá‡¶ü‡ßá ‡ß®‡ß¶‡ß®‡ß´ ‡¶è‡¶∞ ‡¶∏‡ßá‡¶∞‡¶æ ‡ß´‡¶ü‡¶ø ‡¶´‡ßã‡¶® ‡¶ï‡¶ø‡¶®‡ßÅ‡¶® | ‡¶ï‡¶æ‡¶∞‡ßç‡¶≠ ‡¶°‡¶ø‡¶∏‡¶™‡ßç‡¶≤‡ßá, 32GB RAM+ 6200mAh! Best Phone Under 30k - 35k",https://www.youtube.com/watch?v=kBnc5u0mRzM&pp=ygUpYmVzdCBwaG9uZSB1bmRlciA0MDAwMCBpbiBiYW5nbGFkZXNoIDIwMjU%3D,196K views,https://www.youtube.com/@TechnicalShanto
Samsung Galaxy S25 Unboxing #smartphone #S25,https://www.youtube.com/shorts/YHqoG7kntLo,523K views,https://www.youtube.com/@SamZonebd
"3 Best Smartphones under Rs 40,000! #bestsmartphonesunder40k #bestsmartphones #smartphones #tech",https://www.youtube.com/shorts/lI2zVFfJKDk,1M views,https://www.youtube.com/@TechyKiranShorts
Tecno phantom X2 5G device only #trending #viral #ipl2024,https://www.youtube.com/shorts/e9rHemLhTNM,1.2M views,https://www.youtube.com/@TagitGadgets
ü§©Motorola Razr 60 flip phone | Reviewü§Ø #techplusgadgets #review  #motorazr60 #flipphone,https://www.youtube.com/shorts/a0H86-XZnY0,1.3M views,https://www.youtube.com/@TechPlusGadgetsyt
‡ß™‡ß¶ ‡¶π‡¶æ‡¶ú‡¶æ‡¶∞ ‡¶Ø‡¶¶‡¶ø ‡¶π‡¶Ø‡¶º ‡¶¨‡¶æ‡¶ú‡ßá‡¶ü!! Best Smartphones Around 40K ( Aug 2025),https://www.youtube.com/watch?v=WyMqJ838qK8&pp=ygUpYmVzdCBwaG9uZSB1bmRlciA0MDAwMCBpbiBiYW5nbGFkZXNoIDIwMjU%3D,148K views,https://www.youtube.com/@SamZonebd
Moto Edge 50 Ultra #motoedge50ultra #moto #motoedge50fusion #shorts #unboxing #ytshorts,https://www.youtube.com/shorts/1GuKGdGbTcw,1M views,https://www.youtube.com/@NaeemBangashTech
"Incredible ‚Çπ20,000 Second Hand Bike Deals in Bangalore!",https://www.youtube.com/watch?v=2Bmgp5NlEwY&pp=ygUpYmVzdCBwaG9uZSB1bmRlciA0MDAwMCBpbiBiYW5nbGFkZXNoIDIwMjU%3D,3.4K views,https://www.youtube.com/@RealBoyMaruf2.0
Unboxing the Best Foldable Phone | The Pinnacle of Innovation! #shorts,https://www.youtube.com/shorts/3pOqey87A00,1.6M views,https://www.youtube.com/@Techfevers
Top 4 Smartphones in 30K üî•,https://www.youtube.com/shorts/jKWhoglsJrM,599K views,https://www.youtube.com/@helloftech
"World's Best Camera phone under ‚Çπ35,0000 | Galaxy S24 FE",https://www.youtube.com/shorts/dbheqtyte3I,198K views,https://www.youtube.com/@Real-Softech
"Top 5 Gaming Phones Under ‚Çπ30,000 in 2025  üéÆüî• Ultimate Performance! #shorts",https://www.youtube.com/shorts/tAb9qPmtMUo,930K views,https://www.youtube.com/@TechieBist
Top iQOO Smartphones to Buy in 2025 ‚ö° Performance Kings! #shorts,https://www.youtube.com/shorts/-LkKEDp3KmI,376K views,https://www.youtube.com/@TechieBist
Samsung s24 fe vs samsung s23 fe ‚ö°üî• #shorts #s24fe,https://www.youtube.com/shorts/SRFK63pGM0c,1.7M views,https://www.youtube.com/@AryantheIncredible01
Huawei Pura 70 Ultra best camera phone #smartphone #tech #unboxing #technology,https://www.youtube.com/shorts/anX6mOBLvGU,415K views,https://www.youtube.com/@Techmask07
All Flagship Used Mobile Price In Bangladesh üî• Used phone price in Bangladesh 2025,https://www.youtube.com/watch?v=hA1aOZgyH9c&pp=ygUpYmVzdCBwaG9uZSB1bmRlciA0MDAwMCBpbiBiYW5nbGFkZXNoIDIwMjU%3D,2K views,https://www.youtube.com/@FahadAkonVlogs
Realme 12 pro plus vs Vivo X100 Zooming test super moon üî•,https://www.youtube.com/shorts/U4Pcl3hAI_M,2.3M views,https://www.youtube.com/@Real-Softech
Best Smartphone under 45k in June 2025 / Best Mobile Phone üì± under 45000 in India,https://www.youtube.com/shorts/8CPfpQPG6Ms,25K views,https://www.youtube.com/@Khushnoorbarelvi
Best Smartphone under 60k #techbyakram #techreview,https://www.youtube.com/shorts/sCtWPAAdAUk,57K views,https://www.youtube.com/@techbyakram
"Top Upcoming Phones With Snapdragon 8 Elite 2 üòàüî•"" || #smartphone",https://www.youtube.com/shorts/hvuHvJKBT-4,911K views,https://www.youtube.com/@Cococinematic
Best Phones under 30k In 2025 #deepstech #realme #iqoo #oneplus #nothing,https://www.youtube.com/shorts/pwxTggHGoC8,755K views,https://www.youtube.com/@deepstech_
"Best Flagship Phone Under ‚Çπ35,000 in 2025 üì±üî• #shorts",https://www.youtube.com/shorts/kP8HD7Ztqh4,197K views,https://www.youtube.com/@TechieBist
Best 144 fps gaming phones under 50000 rs üî• #gamingphone #bgmi #gaming #iqoo,https://www.youtube.com/shorts/vNKjmIQdi38,52K views,https://www.youtube.com/@YrgOp
iQOO 13 Is better than iPhone 16 Pro Max üî• | #shorts #iqoo13 #anshnakwal,https://www.youtube.com/shorts/00VOWQ5KWVA,2.9M views,https://www.youtube.com/@AnshNakwal
"Best Camera Phone Under INR 40,000 in 2025! #shorts",https://www.youtube.com/shorts/04a46FXBbew,290K views,https://www.youtube.com/@GadgetByte
Redmi Turbo 4 vs iQOO Neo 10: Best 40k Phone?,https://www.youtube.com/shorts/sfSkIPIAup0,96K views,https://www.youtube.com/@techbyakram
"Best Phones Under ‚Çπ30,000 in 2025 #shorts",https://www.youtube.com/shorts/DPCks5dJ1A8,457K views,https://www.youtube.com/@GadgetByte
Infinix hot 50 pro plus slim body curved display #shortvideo,https://www.youtube.com/shorts/WqXo8H4rQnY,2.4M views,https://www.youtube.com/@aamobile
Which Phone is BEST for Free Fire? 6 Flagships BATTLE! üò±,https://www.youtube.com/shorts/WOQlRSfZV8Y,362K views,https://www.youtube.com/@Mobilevelo
Honor 400 Pro Review: Unbelievable Specs & Beautiful Design!,https://www.youtube.com/shorts/lsDc0Di-sdk,880K views,https://www.youtube.com/@Hemel360
‡¶Ü‡¶¨‡¶æ‡¶∞‡¶ì ‡¶¶‡¶æ‡¶Æ ‡¶ï‡¶Æ‡¶≤‡ßã ‡¶´‡ßç‡¶≤‡¶æ‡¶ó‡¶∂‡¶ø‡¶™ ‡¶´‡ßã‡¶®‡ßá‡¶∞üî•used Samsung phone price in Bd|used phone price in Bangladesh 2025,https://www.youtube.com/watch?v=sgILlvfnJCU&pp=ygUpYmVzdCBwaG9uZSB1bmRlciA0MDAwMCBpbiBiYW5nbGFkZXNoIDIwMjU%3D,3.9K views,https://www.youtube.com/@ariyanbdvlogs
Is Pixel 9 the camera KINGü§î#smartphone,https://www.youtube.com/shorts/nynObVVxGP8,1.2M views,https://www.youtube.com/@JosiahMcroberts
Top 4 Powerful Gaming Processor Under 30k #techype #gamingprocessor,https://www.youtube.com/shorts/mqpK7P709f8,998K views,https://www.youtube.com/@TecHyype
IQOO 13 144 FPS BGMI TEST üî• | BEST GAMING PHONE UNDER 50000 RS #iqoo #iqoo13 #bgmi #gaming,https://www.youtube.com/shorts/4TMCMg2Crgg,313K views,https://www.youtube.com/@YrgOp
Unboxing the vivo X100 Ultra Imaging Kit. Doesn‚Äôt this phone directly turn into a camera? #shorts,https://www.youtube.com/shorts/5QeMOPeTTXQ,9.6M views,https://www.youtube.com/@Techway1
Best Camera Phones for Diwali! #shorts,https://www.youtube.com/shorts/rzrZ-OC35Ks,276K views,https://www.youtube.com/@TrakinTechEnglish
Used phone price in Bangladesh 2025 üî• Used phone price In Bangladesh,https://www.youtube.com/watch?v=q_PIjyGsEh4&pp=ygUpYmVzdCBwaG9uZSB1bmRlciA0MDAwMCBpbiBiYW5nbGFkZXNoIDIwMjU%3D,4K views,https://www.youtube.com/@FahadAkonVlogs
Samsung Price Drop #shorts,https://www.youtube.com/shorts/mjLkpsP1eRY,5.6M views,https://www.youtube.com/@GyanTherapy
"Red Magic 9 Pro Unboxing üî• Best Gaming Phone 2025? | Full Review, PUBG Test & Price in India",https://www.youtube.com/shorts/3opHAHMsXHY,563K views,https://www.youtube.com/@MobileBaba-b2w
"Infinix Zero Flip 5G Unboxing & First Look | New Flip phone under ‚Çπ50,000 #Shorts",https://www.youtube.com/shorts/hp09gwYTwbM,357K views,https://www.youtube.com/@SmartprixOfficial
Google Pixel 9a |  Camera Test #googlepixel9a #shorts,https://www.youtube.com/shorts/KT_Kta-lAS4,1.6M views,https://www.youtube.com/@TechBharatyt
TOP10 Best Smartphone Of 2025 | Best Camera Phone Under 40k | Mobile Under 40k,https://www.youtube.com/shorts/VeIDQf4mP5Y,514K views,https://www.youtube.com/@riteshjeph
Flagship Under ‚Çπ50000? These 5 Phones Are INSANE! üò± #shorts,https://www.youtube.com/shorts/rV0OhOcuCS8,1M views,https://www.youtube.com/@TechieBist
Is Moto Edge60 Pro the BEST Smartphone Under 25k in 2025 #bbdsale2025 #bigbilliondays,https://www.youtube.com/shorts/MA0A8t5XYL0,354K views,https://www.youtube.com/@GadgetGig
"Incredible ‚Çπ20,000 Second Hand Bike Deals in Bangalore!",https://www.youtube.com/watch?v=2Bmgp5NlEwY&pp=ygUpYmVzdCBwaG9uZSB1bmRlciA0MDAwMCBpbiBiYW5nbGFkZXNoIDIwMjU%3D,3.4K views,https://www.youtube.com/@RealBoyMaruf2.0
"Top 3 Best smartphones under 30,000 BDT  #techwithmonir",https://www.youtube.com/shorts/yc_HcOcBMnE,452K views,https://www.youtube.com/@TechwithMonirofficial
Realme Neo 7 Comes with 7000mAh Battery ‡•§‡•§ Unboxing #smartphone #samzone,https://www.youtube.com/shorts/7yIzdXW-Ods,3M views,https://www.youtube.com/@SamZonebd
‡ß©‡ß¶-‡ß¨‡ß¶ ‡¶π‡¶æ‡¶ú‡¶æ‡¶∞‡ßá Used iPhone ‡¶ï‡¶ø‡¶®‡¶¨‡ßá‡¶®?üëÄBest Used Iphone ‡¶ó‡ßÅ‡¶≤‡ßã ‡¶¶‡ßá‡¶ñ‡ßá ‡¶®‡¶ø‡¶®¬†‡¶è‡¶á¬†‡¶≠‡¶ø‡¶°‡¶ø‡¶ì‡¶§‡ßá!üî•,https://www.youtube.com/watch?v=DLqeUa6svG0&t=405s&pp=ygUpYmVzdCBwaG9uZSB1bmRlciA0MDAwMCBpbiBiYW5nbGFkZXNoIDIwMjU%3D,28K views,https://www.youtube.com/@TechShibly
POCO F6 Pro UNBOXING! üî•,https://www.youtube.com/shorts/Oe1kg5kWJPQ,18M views,https://www.youtube.com/@ASBYT
"Best AI Phone under ‚Çπ40,000 | Best Phone under 40000 in July 2025",https://www.youtube.com/shorts/lnd3S7LNxRM,102K views,https://www.youtube.com/@Khushnoorbarelvi
Best Mobile under 20000 - 30000 in Pakistan | Don‚Äôt buy Wrong Phones! ,https://www.youtube.com/watch?v=N5AiEmFaWKM&pp=ygUpYmVzdCBwaG9uZSB1bmRlciA0MDAwMCBpbiBiYW5nbGFkZXNoIDIwMjU%3D,8.5K views,https://www.youtube.com/@its_mrraza
Top 5 best camera phone under 30000 in 2025 üî• #cameraphone #gamingphone #shorts #video #satya07,https://www.youtube.com/shorts/fenl_tnFLb4,48K views,https://www.youtube.com/@Satya07-p6x
Top-3 Best Gaming Phone Under 20000 in 2024 üî• #shorts #bestgamingphoneunder20000 #viralshorts,https://www.youtube.com/shorts/R-c-0PAzv1A,7.7M views,https://www.youtube.com/@ParmarCharan7
"Best Camera Phones under 30,000",https://www.youtube.com/shorts/Wxkj_rGGjYU,1.5M views,https://www.youtube.com/@KunalMalhotraKM
Samsung Galaxy S24FE Review! #smartphone #tech #s24fe,https://www.youtube.com/shorts/afHf75WPLaA,1.2M views,https://www.youtube.com/@noistech
Top 10+ Upcoming Phones in October 2025 üìÖ üî• Must-See Launches! #shorts,https://www.youtube.com/shorts/UGkRtgaI4nU,391K views,https://www.youtube.com/@TechieBist
"Don't waste your money on expensive phones, Don't buy new phone before watching this #shorts #mobile",https://www.youtube.com/shorts/AXY8l9LM2hI,63K views,https://www.youtube.com/@Mrtraveller28
Vivo V29 üî• || Auralight üì∑ || Camera review üòé #smartphone #vivo,https://www.youtube.com/shorts/ZTbFK-oWiBY,8.5M views,https://www.youtube.com/@rishabhs_tech3331
Honor 200 global varient. Best camera phone under 35k,https://www.youtube.com/shorts/CW33Z5EGeuM,159K views,https://www.youtube.com/@Shakilsblog
Best Gaming Phone Under ‚Çπ20000 üî• Performance & Battery King! #Shorts,https://www.youtube.com/shorts/jqHwS5IfQYI,177K views,https://www.youtube.com/@TechieBist
VIVO V40 - Best Budget Phone?!,https://www.youtube.com/shorts/MA0q7cDqLpc,4.4M views,https://www.youtube.com/@RedskullPro
‡§µ‡§æ‡§π 120x Zoom Camera phone¬†ü´®ü§Ø - OPPO reno 10 pro plus #Shorts #ManojSaru #opporeno10proplus,https://www.youtube.com/shorts/NHpBkNRkF-Q,4.5M views,https://www.youtube.com/@ManojSaruu
